Date,Low,Close,Drawdown%,Rolling_ATH,ATH_Anchor_Date,Ticker
2004-08-06,32.66,32.72,16.1,39.0,2004-04-01,QQQ
2004-08-09,32.65,32.8,15.9,39.0,2004-04-01,QQQ
2004-08-11,32.55,32.92,15.59,39.0,2004-04-01,QQQ
2004-08-12,32.37,32.47,16.74,39.0,2004-04-01,QQQ
2004-08-13,32.35,32.52,16.62,39.0,2004-04-01,QQQ
2004-08-16,32.59,32.89,15.67,39.0,2004-04-01,QQQ
2006-07-13,36.31,36.31,16.16,43.31,2006-01-11,QQQ
2006-07-14,35.79,35.94,17.02,43.31,2006-01-11,QQQ
2006-07-17,35.87,36.03,16.81,43.31,2006-01-11,QQQ
2006-07-18,35.54,36.15,16.53,43.31,2006-01-11,QQQ
2006-07-19,36.09,36.62,15.45,43.31,2006-01-11,QQQ
2006-07-20,36.04,36.08,16.69,43.31,2006-01-11,QQQ
2006-07-21,35.62,35.7,17.57,43.31,2006-01-11,QQQ
2006-07-24,35.8,36.41,15.93,43.31,2006-01-11,QQQ
2006-07-25,36.24,36.62,15.45,43.31,2006-01-11,QQQ
2006-07-26,36.23,36.59,15.52,43.31,2006-01-11,QQQ
2006-07-27,36.25,36.35,16.07,43.31,2006-01-11,QQQ
2006-08-01,36.26,36.48,15.77,43.31,2006-01-11,QQQ
2006-08-07,36.53,36.71,15.24,43.31,2006-01-11,QQQ
2006-08-08,36.26,36.48,15.77,43.31,2006-01-11,QQQ
2006-08-09,36.43,36.53,15.65,43.31,2006-01-11,QQQ
2006-08-10,36.31,36.79,15.05,43.31,2006-01-11,QQQ
2006-08-11,36.37,36.53,15.65,43.31,2006-01-11,QQQ
2006-08-14,36.7,36.77,15.1,43.31,2006-01-11,QQQ
2008-01-15,46.35,46.55,15.47,55.07,2007-10-31,QQQ
2008-01-16,45.46,46.05,16.38,55.07,2007-10-31,QQQ
2008-01-17,45.2,45.41,17.54,55.07,2007-10-31,QQQ
2008-01-18,44.98,45.35,17.65,55.07,2007-10-31,QQQ
2008-01-22,42.73,44.18,19.77,55.07,2007-10-31,QQQ
2008-01-23,41.61,44.01,20.08,55.07,2007-10-31,QQQ
2008-01-24,44.06,44.91,18.45,55.07,2007-10-31,QQQ
2008-01-25,43.94,43.99,20.12,55.07,2007-10-31,QQQ
2008-01-28,43.57,44.33,19.5,55.07,2007-10-31,QQQ
2008-01-29,44.04,44.41,19.36,55.07,2007-10-31,QQQ
2008-01-30,44.18,44.37,19.43,55.07,2007-10-31,QQQ
2008-01-31,43.82,45.13,18.05,55.07,2007-10-31,QQQ
2008-02-01,44.88,45.59,17.21,55.07,2007-10-31,QQQ
2008-02-04,44.94,44.95,18.38,55.07,2007-10-31,QQQ
2008-02-05,43.64,43.67,20.7,55.07,2007-10-31,QQQ
2008-02-06,42.77,42.81,22.26,55.07,2007-10-31,QQQ
2008-02-07,42.15,43.11,21.72,55.07,2007-10-31,QQQ
2008-02-08,42.94,43.6,20.83,55.07,2007-10-31,QQQ
2008-02-11,43.54,44.07,19.97,55.07,2007-10-31,QQQ
2008-02-12,43.51,43.82,20.43,55.07,2007-10-31,QQQ
2008-02-13,44.16,44.78,18.69,55.07,2007-10-31,QQQ
2008-02-14,43.89,43.97,20.16,55.07,2007-10-31,QQQ
2008-02-15,43.45,43.82,20.43,55.07,2007-10-31,QQQ
2008-02-19,43.27,43.74,20.57,55.07,2007-10-31,QQQ
2008-02-20,43.24,43.94,20.21,55.07,2007-10-31,QQQ
2008-02-21,43.34,43.52,20.97,55.07,2007-10-31,QQQ
2008-02-22,42.6,43.68,20.68,55.07,2007-10-31,QQQ
2008-02-25,43.34,43.9,20.28,55.07,2007-10-31,QQQ
2008-02-26,43.37,44.07,19.97,55.07,2007-10-31,QQQ
2008-02-27,43.67,44.29,19.58,55.07,2007-10-31,QQQ
2008-02-28,43.95,44.12,19.88,55.07,2007-10-31,QQQ
2008-02-29,42.85,42.95,22.01,55.07,2007-10-31,QQQ
2008-03-03,42.24,42.67,22.52,55.07,2007-10-31,QQQ
2008-03-04,42.02,42.91,22.08,55.07,2007-10-31,QQQ
2008-03-05,42.75,43.12,21.7,55.07,2007-10-31,QQQ
2008-03-06,42.1,42.17,23.42,55.07,2007-10-31,QQQ
2008-03-07,41.38,42.07,23.61,55.07,2007-10-31,QQQ
2008-03-10,41.17,41.26,25.08,55.07,2007-10-31,QQQ
2008-03-11,41.51,42.83,22.23,55.07,2007-10-31,QQQ
2008-03-12,42.6,42.71,22.44,55.07,2007-10-31,QQQ
2008-03-13,41.81,43.04,21.84,55.07,2007-10-31,QQQ
2008-03-14,41.74,42.25,23.28,55.07,2007-10-31,QQQ
2008-03-17,41.05,41.48,24.68,55.07,2007-10-31,QQQ
2008-03-18,42.11,43.33,21.32,55.07,2007-10-31,QQQ
2008-03-19,42.23,42.26,23.26,55.07,2007-10-31,QQQ
2008-03-20,42.1,43.09,21.75,55.07,2007-10-31,QQQ
2008-03-24,43.28,44.58,19.05,55.07,2007-10-31,QQQ
2008-03-25,44.28,44.83,18.59,55.07,2007-10-31,QQQ
2008-03-26,44.28,44.7,18.83,55.07,2007-10-31,QQQ
2008-03-27,43.71,43.71,20.63,55.07,2007-10-31,QQQ
2008-03-28,43.33,43.49,21.03,55.07,2007-10-31,QQQ
2008-03-31,43.45,43.72,20.61,55.07,2007-10-31,QQQ
2008-04-01,44.41,45.59,17.21,55.07,2007-10-31,QQQ
2008-04-02,45.17,45.49,17.4,55.07,2007-10-31,QQQ
2008-04-03,45.14,45.59,17.21,55.07,2007-10-31,QQQ
2008-04-04,45.4,45.86,16.72,55.07,2007-10-31,QQQ
2008-04-07,45.65,45.76,16.91,55.07,2007-10-31,QQQ
2008-04-08,45.18,45.41,17.54,55.07,2007-10-31,QQQ
2008-04-09,44.63,44.9,18.47,55.07,2007-10-31,QQQ
2008-04-10,44.93,45.54,17.31,55.07,2007-10-31,QQQ
2008-04-11,44.12,44.28,19.59,55.07,2007-10-31,QQQ
2008-04-14,43.95,44.08,19.96,55.07,2007-10-31,QQQ
2008-04-15,43.68,44.14,19.85,55.07,2007-10-31,QQQ
2008-04-16,44.65,45.37,17.61,55.07,2007-10-31,QQQ
2008-04-17,44.98,45.27,17.8,55.07,2007-10-31,QQQ
2008-04-18,46.22,46.71,15.18,55.07,2007-10-31,QQQ
2008-04-22,45.93,46.34,15.85,55.07,2007-10-31,QQQ
2008-06-24,46.41,46.81,15.0,55.07,2007-10-31,QQQ
2008-06-26,45.64,45.65,17.11,55.07,2007-10-31,QQQ
2008-06-27,44.97,45.65,17.11,55.07,2007-10-31,QQQ
2008-06-30,45.15,45.17,17.98,55.07,2007-10-31,QQQ
2008-07-01,44.68,45.81,16.81,55.07,2007-10-31,QQQ
2008-07-02,44.64,44.71,18.81,55.07,2007-10-31,QQQ
2008-07-03,44.28,44.63,18.96,55.07,2007-10-31,QQQ
2008-07-07,44.24,44.9,18.47,55.07,2007-10-31,QQQ
2008-07-08,44.77,45.97,16.52,55.07,2007-10-31,QQQ
2008-07-09,44.73,44.75,18.74,55.07,2007-10-31,QQQ
2008-07-10,44.38,45.28,17.78,55.07,2007-10-31,QQQ
2008-07-11,43.85,44.56,19.08,55.07,2007-10-31,QQQ
2008-07-14,44.07,44.23,19.68,55.07,2007-10-31,QQQ
2008-07-15,43.3,44.24,19.67,55.07,2007-10-31,QQQ
2008-07-16,43.92,45.34,17.67,55.07,2007-10-31,QQQ
2008-07-17,44.98,45.64,17.12,55.07,2007-10-31,QQQ
2008-07-18,44.59,44.59,19.03,55.07,2007-10-31,QQQ
2008-07-21,44.49,44.78,18.69,55.07,2007-10-31,QQQ
2008-07-22,43.86,44.78,18.69,55.07,2007-10-31,QQQ
2008-07-23,44.72,45.37,17.61,55.07,2007-10-31,QQQ
2008-07-24,44.65,44.69,18.85,55.07,2007-10-31,QQQ
2008-07-25,44.76,45.27,17.8,55.07,2007-10-31,QQQ
2008-07-28,44.21,44.42,19.34,55.07,2007-10-31,QQQ
2008-07-29,44.57,45.34,17.67,55.07,2007-10-31,QQQ
2008-07-30,44.88,45.57,17.25,55.07,2007-10-31,QQQ
2008-07-31,45.02,45.46,17.45,55.07,2007-10-31,QQQ
2008-08-01,44.4,44.88,18.5,55.07,2007-10-31,QQQ
2008-08-04,44.3,44.43,19.32,55.07,2007-10-31,QQQ
2008-08-05,44.84,45.93,16.6,55.07,2007-10-31,QQQ
2008-08-06,45.58,46.63,15.33,55.07,2007-10-31,QQQ
2008-08-07,46.08,46.27,15.98,55.07,2007-10-31,QQQ
2008-08-25,46.37,46.49,15.58,55.07,2007-10-31,QQQ
2008-08-26,46.12,46.43,15.69,55.07,2007-10-31,QQQ
2008-08-27,46.29,46.73,15.14,55.07,2007-10-31,QQQ
2008-08-29,45.92,46.12,16.25,55.07,2007-10-31,QQQ
2008-09-02,45.34,45.55,17.29,55.07,2007-10-31,QQQ
2008-09-03,44.79,45.12,18.07,55.07,2007-10-31,QQQ
2008-09-04,43.66,43.66,20.72,55.07,2007-10-31,QQQ
2008-09-05,42.81,43.45,21.1,55.07,2007-10-31,QQQ
2008-09-08,42.68,43.37,21.25,55.07,2007-10-31,QQQ
2008-09-09,42.35,42.45,22.92,55.07,2007-10-31,QQQ
2008-09-10,42.45,42.8,22.28,55.07,2007-10-31,QQQ
2008-09-11,42.17,43.6,20.83,55.07,2007-10-31,QQQ
2008-09-12,42.9,43.43,21.14,55.07,2007-10-31,QQQ
2008-09-15,42.03,42.08,23.59,55.07,2007-10-31,QQQ
2008-09-16,41.43,42.41,22.99,55.07,2007-10-31,QQQ
2008-09-17,40.19,40.21,26.98,55.07,2007-10-31,QQQ
2008-09-18,39.5,41.57,24.51,55.07,2007-10-31,QQQ
2008-09-19,42.1,42.9,22.1,55.07,2007-10-31,QQQ
2008-09-22,40.8,40.88,25.77,55.07,2007-10-31,QQQ
2008-09-23,40.44,40.57,26.33,55.07,2007-10-31,QQQ
2008-09-24,40.52,40.85,25.82,55.07,2007-10-31,QQQ
2008-09-25,41.03,41.5,24.64,55.07,2007-10-31,QQQ
2008-09-26,40.22,41.08,25.4,55.07,2007-10-31,QQQ
2008-09-29,37.18,37.82,31.32,55.07,2007-10-31,QQQ
2008-09-30,37.6,38.91,29.34,55.07,2007-10-31,QQQ
2008-10-01,38.03,38.5,30.09,55.07,2007-10-31,QQQ
2008-10-02,36.64,36.75,33.27,55.07,2007-10-31,QQQ
2008-10-03,36.1,36.18,34.3,55.07,2007-10-31,QQQ
2008-10-06,32.91,34.86,36.7,55.07,2007-10-31,QQQ
2008-10-07,32.27,32.65,40.71,55.07,2007-10-31,QQQ
2008-10-08,31.84,32.39,41.18,55.07,2007-10-31,QQQ
2008-10-09,30.97,31.52,42.76,55.07,2007-10-31,QQQ
2008-10-10,29.38,31.32,43.13,55.07,2007-10-31,QQQ
2008-10-13,32.4,35.13,36.21,55.07,2007-10-31,QQQ
2008-10-14,33.19,33.61,38.97,55.07,2007-10-31,QQQ
2008-10-15,30.54,30.6,44.43,55.07,2007-10-31,QQQ
2008-10-16,29.25,32.26,41.42,55.07,2007-10-31,QQQ
2008-10-17,31.41,32.3,41.35,55.07,2007-10-31,QQQ
2008-10-20,31.7,33.2,39.71,55.07,2007-10-31,QQQ
2008-10-21,31.48,31.48,42.84,55.07,2007-10-31,QQQ
2008-10-22,29.71,30.61,44.42,55.07,2007-10-31,QQQ
2008-10-23,28.9,30.49,44.63,55.07,2007-10-31,QQQ
2008-10-24,28.09,29.51,46.41,55.07,2007-10-31,QQQ
2008-10-27,28.66,28.69,47.9,55.07,2007-10-31,QQQ
2008-10-28,28.85,31.86,42.15,55.07,2007-10-31,QQQ
2008-10-29,31.25,31.78,42.29,55.07,2007-10-31,QQQ
2008-10-30,31.98,32.84,40.37,55.07,2007-10-31,QQQ
2008-10-31,32.09,32.89,40.28,55.07,2007-10-31,QQQ
2008-11-03,32.51,32.82,40.4,55.07,2007-10-31,QQQ
2008-11-04,32.98,33.75,38.71,55.07,2007-10-31,QQQ
2008-11-05,31.92,31.99,41.91,55.07,2007-10-31,QQQ
2008-11-06,30.4,30.56,44.51,55.07,2007-10-31,QQQ
2008-11-07,30.59,31.19,43.36,55.07,2007-10-31,QQQ
2008-11-10,30.4,30.77,44.13,55.07,2007-10-31,QQQ
2008-11-11,29.72,30.1,45.34,55.07,2007-10-31,QQQ
2008-11-12,28.65,28.71,47.87,55.07,2007-10-31,QQQ
2008-11-13,27.28,30.46,44.69,55.07,2007-10-31,QQQ
2008-11-14,28.87,28.98,47.38,55.07,2007-10-31,QQQ
2008-11-17,28.26,28.37,48.48,55.07,2007-10-31,QQQ
2008-11-18,27.39,28.34,48.54,55.07,2007-10-31,QQQ
2008-11-19,26.79,26.86,51.23,55.07,2007-10-31,QQQ
2008-11-20,25.47,25.56,53.59,55.07,2007-10-31,QQQ
2008-11-21,25.05,26.67,51.57,55.07,2007-10-31,QQQ
2008-11-24,26.98,28.3,48.61,55.07,2007-10-31,QQQ
2008-11-25,27.52,28.17,48.85,55.07,2007-10-31,QQQ
2008-11-26,27.81,29.35,46.7,55.07,2007-10-31,QQQ
2008-11-28,28.83,29.12,47.12,55.07,2007-10-31,QQQ
2008-12-01,26.89,26.93,51.1,55.07,2007-10-31,QQQ
2008-12-02,26.84,27.83,49.46,55.07,2007-10-31,QQQ
2008-12-03,27.07,28.62,48.03,55.07,2007-10-31,QQQ
2008-12-04,27.32,27.81,49.5,55.07,2007-10-31,QQQ
2008-12-05,26.95,28.94,47.45,55.07,2007-10-31,QQQ
2008-12-08,29.44,30.08,45.38,55.07,2007-10-31,QQQ
2008-12-09,29.57,30.01,45.51,55.07,2007-10-31,QQQ
2008-12-10,29.62,29.91,45.69,55.07,2007-10-31,QQQ
2008-12-11,28.94,29.09,47.18,55.07,2007-10-31,QQQ
2008-12-12,28.47,29.68,46.1,55.07,2007-10-31,QQQ
2008-12-15,28.74,29.16,47.05,55.07,2007-10-31,QQQ
2008-12-16,29.1,30.56,44.51,55.07,2007-10-31,QQQ
2008-12-17,29.82,30.19,45.18,55.07,2007-10-31,QQQ
2008-12-18,29.36,29.66,46.14,55.07,2007-10-31,QQQ
2008-12-19,29.66,29.86,45.78,55.07,2007-10-31,QQQ
2008-12-22,28.74,29.21,46.96,55.07,2007-10-31,QQQ
2008-12-23,28.89,29.06,47.23,55.07,2007-10-31,QQQ
2008-12-24,28.98,29.14,47.09,55.07,2007-10-31,QQQ
2008-12-26,28.97,29.13,47.1,55.07,2007-10-31,QQQ
2008-12-29,28.46,28.89,47.54,55.07,2007-10-31,QQQ
2008-12-30,28.94,29.49,46.45,55.07,2007-10-31,QQQ
2008-12-31,29.45,29.74,46.0,55.07,2007-10-31,QQQ
2009-01-02,29.69,31.03,43.65,55.07,2007-10-31,QQQ
2009-01-05,30.59,31.02,43.67,55.07,2007-10-31,QQQ
2009-01-06,31.11,31.33,43.11,55.07,2007-10-31,QQQ
2009-01-07,30.19,30.44,44.72,55.07,2007-10-31,QQQ
2009-01-08,30.08,30.76,44.14,55.07,2007-10-31,QQQ
2009-01-09,29.92,30.07,45.4,55.07,2007-10-31,QQQ
2009-01-12,29.2,29.52,46.4,55.07,2007-10-31,QQQ
2009-01-13,29.18,29.53,46.38,55.07,2007-10-31,QQQ
2009-01-14,28.47,28.63,48.01,55.07,2007-10-31,QQQ
2009-01-15,28.07,29.1,47.16,55.07,2007-10-31,QQQ
2009-01-16,28.7,29.42,46.58,55.07,2007-10-31,QQQ
2009-01-20,27.96,27.96,49.23,55.07,2007-10-31,QQQ
2009-01-21,28.1,29.15,47.07,55.07,2007-10-31,QQQ
2009-01-22,28.26,28.76,47.78,55.07,2007-10-31,QQQ
2009-01-23,28.14,28.9,47.52,55.07,2007-10-31,QQQ
2009-01-26,28.75,29.11,47.14,55.07,2007-10-31,QQQ
2009-01-27,29.12,29.32,46.76,55.07,2007-10-31,QQQ
2009-01-28,29.81,30.35,44.89,55.07,2007-10-31,QQQ
2009-01-29,29.48,29.58,46.29,55.07,2007-10-31,QQQ
2009-01-30,28.94,29.06,47.23,55.07,2007-10-31,QQQ
2009-02-02,28.74,29.41,46.6,55.07,2007-10-31,QQQ
2009-02-03,29.03,29.87,45.76,55.07,2007-10-31,QQQ
2009-02-04,29.79,29.91,45.69,55.07,2007-10-31,QQQ
2009-02-05,29.46,30.57,44.49,55.07,2007-10-31,QQQ
2009-02-06,30.58,31.37,43.04,55.07,2007-10-31,QQQ
2009-02-09,31.19,31.5,42.8,55.07,2007-10-31,QQQ
2009-02-10,30.1,30.34,44.91,55.07,2007-10-31,QQQ
2009-02-11,29.73,30.2,45.16,55.07,2007-10-31,QQQ
2009-02-12,29.64,30.57,44.49,55.07,2007-10-31,QQQ
2009-02-13,30.29,30.43,44.74,55.07,2007-10-31,QQQ
2009-02-17,29.06,29.22,46.94,55.07,2007-10-31,QQQ
2009-02-18,28.87,29.24,46.9,55.07,2007-10-31,QQQ
2009-02-19,28.72,28.79,47.72,55.07,2007-10-31,QQQ
2009-02-20,28.39,28.87,47.58,55.07,2007-10-31,QQQ
2009-02-23,27.73,27.86,49.41,55.07,2007-10-31,QQQ
2009-02-24,27.96,28.78,47.74,55.07,2007-10-31,QQQ
2009-02-25,28.14,28.59,48.08,55.07,2007-10-31,QQQ
2009-02-26,27.7,27.79,49.54,55.07,2007-10-31,QQQ
2009-02-27,27.39,27.53,50.01,55.07,2007-10-31,QQQ
2009-03-02,26.47,26.64,51.63,55.07,2007-10-31,QQQ
2009-03-03,26.42,26.62,51.66,55.07,2007-10-31,QQQ
2009-03-04,26.92,27.33,50.37,55.07,2007-10-31,QQQ
2009-03-05,26.42,26.51,51.86,55.07,2007-10-31,QQQ
2009-03-06,25.71,26.3,52.24,55.07,2007-10-31,QQQ
2009-03-09,25.63,25.74,53.26,55.07,2007-10-31,QQQ
2009-03-10,26.16,27.33,50.37,55.07,2007-10-31,QQQ
2009-03-11,27.26,27.75,49.61,55.07,2007-10-31,QQQ
2009-03-12,27.44,28.67,47.94,55.07,2007-10-31,QQQ
2009-03-13,28.32,28.74,47.81,55.07,2007-10-31,QQQ
2009-03-16,28.19,28.26,48.68,55.07,2007-10-31,QQQ
2009-03-17,28.3,29.33,46.74,55.07,2007-10-31,QQQ
2009-03-18,29.08,29.7,46.07,55.07,2007-10-31,QQQ
2009-03-19,29.46,29.68,46.1,55.07,2007-10-31,QQQ
2009-03-20,28.98,29.18,47.01,55.07,2007-10-31,QQQ
2009-03-23,29.2,30.9,43.89,55.07,2007-10-31,QQQ
2009-03-24,30.31,30.33,44.92,55.07,2007-10-31,QQQ
2009-03-25,29.66,30.47,44.67,55.07,2007-10-31,QQQ
2009-03-26,30.42,31.41,42.96,55.07,2007-10-31,QQQ
2009-03-27,30.71,30.82,44.03,55.07,2007-10-31,QQQ
2009-03-30,29.62,30.06,45.41,55.07,2007-10-31,QQQ
2009-03-31,30.27,30.32,44.94,55.07,2007-10-31,QQQ
2009-04-01,29.79,30.77,44.13,55.07,2007-10-31,QQQ
2009-04-02,31.23,31.76,42.33,55.07,2007-10-31,QQQ
2009-04-03,31.83,32.35,41.26,55.07,2007-10-31,QQQ
2009-04-06,31.65,32.27,41.4,55.07,2007-10-31,QQQ
2009-04-07,31.21,31.42,42.95,55.07,2007-10-31,QQQ
2009-04-08,31.49,31.95,41.98,55.07,2007-10-31,QQQ
2009-04-09,32.43,32.94,40.19,55.07,2007-10-31,QQQ
2009-04-13,32.53,32.89,40.28,55.07,2007-10-31,QQQ
2009-04-14,32.27,32.49,41.0,55.07,2007-10-31,QQQ
2009-04-15,31.85,32.4,41.17,55.07,2007-10-31,QQQ
2009-04-16,32.51,33.24,39.64,55.07,2007-10-31,QQQ
2009-04-17,32.93,33.31,39.51,55.07,2007-10-31,QQQ
2009-04-20,32.06,32.24,41.46,55.07,2007-10-31,QQQ
2009-04-21,32.08,32.69,40.64,55.07,2007-10-31,QQQ
2009-04-22,32.39,32.79,40.46,55.07,2007-10-31,QQQ
2009-04-23,32.49,33.11,39.88,55.07,2007-10-31,QQQ
2009-04-24,33.07,33.69,38.82,55.07,2007-10-31,QQQ
2009-04-27,33.35,33.73,38.75,55.07,2007-10-31,QQQ
2009-04-28,33.36,33.48,39.2,55.07,2007-10-31,QQQ
2009-04-29,33.7,33.94,38.37,55.07,2007-10-31,QQQ
2009-04-30,34.04,34.28,37.75,55.07,2007-10-31,QQQ
2009-05-01,34.01,34.37,37.59,55.07,2007-10-31,QQQ
2009-05-04,34.52,35.05,36.35,55.07,2007-10-31,QQQ
2009-05-05,34.63,35.02,36.41,55.07,2007-10-31,QQQ
2009-05-06,34.46,35.03,36.39,55.07,2007-10-31,QQQ
2009-05-07,33.88,34.21,37.88,55.07,2007-10-31,QQQ
2009-05-08,33.88,34.23,37.84,55.07,2007-10-31,QQQ
2009-05-11,33.68,34.35,37.62,55.07,2007-10-31,QQQ
2009-05-12,33.52,33.93,38.39,55.07,2007-10-31,QQQ
2009-05-13,32.96,33.02,40.04,55.07,2007-10-31,QQQ
2009-05-14,33.08,33.39,39.37,55.07,2007-10-31,QQQ
2009-05-15,33.23,33.37,39.4,55.07,2007-10-31,QQQ
2009-05-18,33.39,34.24,37.82,55.07,2007-10-31,QQQ
2009-05-19,33.95,34.4,37.53,55.07,2007-10-31,QQQ
2009-05-20,34.18,34.28,37.75,55.07,2007-10-31,QQQ
2009-05-21,33.31,33.65,38.9,55.07,2007-10-31,QQQ
2009-05-22,33.32,33.54,39.1,55.07,2007-10-31,QQQ
2009-05-26,33.18,34.79,36.83,55.07,2007-10-31,QQQ
2009-05-27,34.43,34.55,37.26,55.07,2007-10-31,QQQ
2009-05-28,34.21,34.95,36.54,55.07,2007-10-31,QQQ
2009-05-29,34.76,35.38,35.75,55.07,2007-10-31,QQQ
2009-06-01,35.61,36.39,33.92,55.07,2007-10-31,QQQ
2009-06-02,36.11,36.44,33.83,55.07,2007-10-31,QQQ
2009-06-03,35.93,36.33,34.03,55.07,2007-10-31,QQQ
2009-06-04,36.34,36.74,33.28,55.07,2007-10-31,QQQ
2009-06-05,36.42,36.78,33.21,55.07,2007-10-31,QQQ
2009-06-08,36.12,36.67,33.41,55.07,2007-10-31,QQQ
2009-06-09,36.67,36.95,32.9,55.07,2007-10-31,QQQ
2009-06-10,36.29,36.82,33.14,55.07,2007-10-31,QQQ
2009-06-11,36.75,36.82,33.14,55.07,2007-10-31,QQQ
2009-06-12,36.2,36.65,33.45,55.07,2007-10-31,QQQ
2009-06-15,35.58,35.9,34.81,55.07,2007-10-31,QQQ
2009-06-16,35.52,35.55,35.45,55.07,2007-10-31,QQQ
2009-06-17,35.45,35.89,34.83,55.07,2007-10-31,QQQ
2009-06-18,35.57,35.82,34.96,55.07,2007-10-31,QQQ
2009-06-19,35.91,36.16,34.34,55.07,2007-10-31,QQQ
2009-06-22,35.02,35.08,36.3,55.07,2007-10-31,QQQ
2009-06-23,34.77,35.0,36.44,55.07,2007-10-31,QQQ
2009-06-24,35.28,35.59,35.37,55.07,2007-10-31,QQQ
2009-06-25,35.28,36.29,34.1,55.07,2007-10-31,QQQ
2009-06-26,36.05,36.37,33.96,55.07,2007-10-31,QQQ
2009-06-29,36.12,36.45,33.81,55.07,2007-10-31,QQQ
2009-06-30,36.11,36.38,33.94,55.07,2007-10-31,QQQ
2009-07-01,36.39,36.4,33.9,55.07,2007-10-31,QQQ
2009-07-02,35.5,35.6,35.36,55.07,2007-10-31,QQQ
2009-07-06,35.04,35.41,35.7,55.07,2007-10-31,QQQ
2009-07-07,34.51,34.53,37.3,55.07,2007-10-31,QQQ
2009-07-08,34.3,34.71,36.97,55.07,2007-10-31,QQQ
2009-07-09,34.65,34.77,36.86,55.07,2007-10-31,QQQ
2009-07-10,34.56,34.92,36.59,55.07,2007-10-31,QQQ
2009-07-13,34.48,35.59,35.37,55.07,2007-10-31,QQQ
2009-07-14,35.4,35.72,35.14,55.07,2007-10-31,QQQ
2009-07-15,36.14,36.92,32.96,55.07,2007-10-31,QQQ
2009-07-16,36.72,37.36,32.16,55.07,2007-10-31,QQQ
2009-07-17,37.17,37.56,31.8,55.07,2007-10-31,QQQ
2009-07-20,37.61,37.92,31.14,55.07,2007-10-31,QQQ
2009-07-21,37.64,38.18,30.67,55.07,2007-10-31,QQQ
2009-07-22,38.13,38.5,30.09,55.07,2007-10-31,QQQ
2009-07-23,38.39,39.35,28.55,55.07,2007-10-31,QQQ
2009-07-24,38.78,39.05,29.09,55.07,2007-10-31,QQQ
2009-07-27,38.87,39.35,28.55,55.07,2007-10-31,QQQ
2009-07-28,38.93,39.08,29.04,55.07,2007-10-31,QQQ
2009-07-29,39.0,39.34,28.56,55.07,2007-10-31,QQQ
2009-07-30,39.51,39.57,28.15,55.07,2007-10-31,QQQ
2009-07-31,39.41,39.45,28.36,55.07,2007-10-31,QQQ
2009-08-03,39.64,40.04,27.29,55.07,2007-10-31,QQQ
2009-08-04,39.77,40.04,27.29,55.07,2007-10-31,QQQ
2009-08-05,39.46,39.73,27.86,55.07,2007-10-31,QQQ
2009-08-06,39.24,39.38,28.49,55.07,2007-10-31,QQQ
2009-08-07,39.59,39.88,27.58,55.07,2007-10-31,QQQ
2009-08-10,39.34,39.6,28.09,55.07,2007-10-31,QQQ
2009-08-11,39.05,39.26,28.71,55.07,2007-10-31,QQQ
2009-08-12,39.2,39.87,27.6,55.07,2007-10-31,QQQ
2009-08-13,39.64,40.09,27.2,55.07,2007-10-31,QQQ
2009-08-14,39.28,39.63,28.04,55.07,2007-10-31,QQQ
2009-08-17,38.46,38.48,30.13,55.07,2007-10-31,QQQ
2009-08-18,38.61,39.03,29.13,55.07,2007-10-31,QQQ
2009-08-19,38.54,39.3,28.64,55.07,2007-10-31,QQQ
2009-08-20,39.2,39.76,27.8,55.07,2007-10-31,QQQ
2009-08-21,39.74,40.29,26.84,55.07,2007-10-31,QQQ
2009-08-24,40.1,40.25,26.91,55.07,2007-10-31,QQQ
2009-08-25,40.25,40.37,26.69,55.07,2007-10-31,QQQ
2009-08-26,40.08,40.3,26.82,55.07,2007-10-31,QQQ
2009-08-27,39.67,40.4,26.64,55.07,2007-10-31,QQQ
2009-08-28,40.16,40.44,26.57,55.07,2007-10-31,QQQ
2009-08-31,39.79,40.03,27.31,55.07,2007-10-31,QQQ
2009-09-01,39.16,39.28,28.67,55.07,2007-10-31,QQQ
2009-09-02,39.04,39.25,28.73,55.07,2007-10-31,QQQ
2009-09-03,39.02,39.51,28.25,55.07,2007-10-31,QQQ
2009-09-04,39.52,40.36,26.71,55.07,2007-10-31,QQQ
2009-09-08,40.46,40.74,26.02,55.07,2007-10-31,QQQ
2009-09-09,40.59,41.09,25.39,55.07,2007-10-31,QQQ
2009-09-10,41.0,41.48,24.68,55.07,2007-10-31,QQQ
2009-09-11,41.22,41.52,24.61,55.07,2007-10-31,QQQ
2009-09-14,41.21,41.68,24.31,55.07,2007-10-31,QQQ
2009-09-15,41.57,41.81,24.08,55.07,2007-10-31,QQQ
2009-09-16,41.84,42.42,22.97,55.07,2007-10-31,QQQ
2009-09-17,42.21,42.41,22.99,55.07,2007-10-31,QQQ
2009-09-18,42.21,42.44,22.93,55.07,2007-10-31,QQQ
2009-09-21,42.16,42.57,22.7,55.07,2007-10-31,QQQ
2009-09-22,42.44,42.65,22.55,55.07,2007-10-31,QQQ
2009-09-23,42.38,42.45,22.92,55.07,2007-10-31,QQQ
2009-09-24,41.77,42.07,23.61,55.07,2007-10-31,QQQ
2009-09-25,41.58,41.7,24.28,55.07,2007-10-31,QQQ
2009-09-28,41.89,42.41,22.99,55.07,2007-10-31,QQQ
2009-09-29,42.03,42.22,23.33,55.07,2007-10-31,QQQ
2009-09-30,41.6,42.25,23.28,55.07,2007-10-31,QQQ
2009-10-01,41.0,41.0,25.55,55.07,2007-10-31,QQQ
2009-10-02,40.72,40.88,25.77,55.07,2007-10-31,QQQ
2009-10-05,40.83,41.21,25.17,55.07,2007-10-31,QQQ
2009-10-06,41.42,41.94,23.84,55.07,2007-10-31,QQQ
2009-10-07,41.77,42.06,23.62,55.07,2007-10-31,QQQ
2009-10-08,42.14,42.24,23.3,55.07,2007-10-31,QQQ
2009-10-09,42.06,42.48,22.86,55.07,2007-10-31,QQQ
2009-10-12,42.28,42.57,22.7,55.07,2007-10-31,QQQ
2009-10-13,42.37,42.58,22.68,55.07,2007-10-31,QQQ
2009-10-14,42.85,43.16,21.63,55.07,2007-10-31,QQQ
2009-10-15,42.87,43.06,21.81,55.07,2007-10-31,QQQ
2009-10-16,42.48,42.78,22.32,55.07,2007-10-31,QQQ
2009-10-19,42.59,43.21,21.54,55.07,2007-10-31,QQQ
2009-10-20,42.94,43.22,21.52,55.07,2007-10-31,QQQ
2009-10-21,43.06,43.14,21.66,55.07,2007-10-31,QQQ
2009-10-22,42.79,43.31,21.35,55.07,2007-10-31,QQQ
2009-10-23,43.02,43.13,21.68,55.07,2007-10-31,QQQ
2009-10-26,42.79,42.99,21.94,55.07,2007-10-31,QQQ
2009-10-27,42.18,42.34,23.12,55.07,2007-10-31,QQQ
2009-10-28,41.3,41.39,24.84,55.07,2007-10-31,QQQ
2009-10-29,41.54,42.09,23.57,55.07,2007-10-31,QQQ
2009-10-30,40.92,40.96,25.62,55.07,2007-10-31,QQQ
2009-11-02,40.64,41.13,25.31,55.07,2007-10-31,QQQ
2009-11-03,40.84,41.26,25.08,55.07,2007-10-31,QQQ
2009-11-04,41.28,41.33,24.95,55.07,2007-10-31,QQQ
2009-11-05,41.78,42.35,23.1,55.07,2007-10-31,QQQ
2009-11-06,42.08,42.6,22.64,55.07,2007-10-31,QQQ
2009-11-09,42.88,43.51,20.99,55.07,2007-10-31,QQQ
2009-11-10,43.4,43.62,20.79,55.07,2007-10-31,QQQ
2009-11-11,43.61,43.9,20.28,55.07,2007-10-31,QQQ
2009-11-12,43.55,43.65,20.74,55.07,2007-10-31,QQQ
2009-11-13,43.63,44.01,20.08,55.07,2007-10-31,QQQ
2009-11-16,44.12,44.46,19.27,55.07,2007-10-31,QQQ
2009-11-17,44.25,44.6,19.01,55.07,2007-10-31,QQQ
2009-11-18,44.05,44.35,19.47,55.07,2007-10-31,QQQ
2009-11-19,43.35,43.66,20.72,55.07,2007-10-31,QQQ
2009-11-20,43.28,43.44,21.12,55.07,2007-10-31,QQQ
2009-11-23,43.86,44.14,19.85,55.07,2007-10-31,QQQ
2009-11-24,43.73,43.99,20.12,55.07,2007-10-31,QQQ
2009-11-25,44.01,44.18,19.77,55.07,2007-10-31,QQQ
2009-11-27,42.9,43.51,20.99,55.07,2007-10-31,QQQ
2009-11-30,43.11,43.56,20.9,55.07,2007-10-31,QQQ
2009-12-01,43.88,44.01,20.08,55.07,2007-10-31,QQQ
2009-12-02,43.98,44.07,19.97,55.07,2007-10-31,QQQ
2009-12-03,43.88,43.89,20.3,55.07,2007-10-31,QQQ
2009-12-04,43.66,44.12,19.88,55.07,2007-10-31,QQQ
2009-12-07,43.82,43.91,20.27,55.07,2007-10-31,QQQ
2009-12-08,43.36,43.64,20.76,55.07,2007-10-31,QQQ
2009-12-09,43.32,44.08,19.96,55.07,2007-10-31,QQQ
2009-12-10,44.24,44.3,19.56,55.07,2007-10-31,QQQ
2009-12-11,43.95,44.13,19.87,55.07,2007-10-31,QQQ
2009-12-14,44.19,44.55,19.1,55.07,2007-10-31,QQQ
2009-12-15,44.17,44.3,19.56,55.07,2007-10-31,QQQ
2009-12-16,44.29,44.36,19.45,55.07,2007-10-31,QQQ
2009-12-17,43.76,43.82,20.43,55.07,2007-10-31,QQQ
2009-12-18,44.0,44.46,19.27,55.07,2007-10-31,QQQ
2009-12-21,44.67,44.96,18.36,55.07,2007-10-31,QQQ
2009-12-22,45.03,45.23,17.87,55.07,2007-10-31,QQQ
2009-12-23,45.21,45.56,17.27,55.07,2007-10-31,QQQ
2009-12-24,45.6,45.98,16.51,55.07,2007-10-31,QQQ
2009-12-28,45.94,46.22,16.07,55.07,2007-10-31,QQQ
2009-12-29,45.99,46.03,16.42,55.07,2007-10-31,QQQ
2009-12-30,45.96,46.17,16.16,55.07,2007-10-31,QQQ
2009-12-31,45.75,45.75,16.92,55.07,2007-10-31,QQQ
2010-01-04,46.27,46.42,15.71,55.07,2007-10-31,QQQ
2010-01-05,46.16,46.42,15.71,55.07,2007-10-31,QQQ
2010-01-06,46.07,46.14,16.22,55.07,2007-10-31,QQQ
2010-01-07,45.92,46.17,16.16,55.07,2007-10-31,QQQ
2010-01-08,45.93,46.55,15.47,55.07,2007-10-31,QQQ
2010-01-11,46.12,46.36,15.82,55.07,2007-10-31,QQQ
2010-01-12,45.53,45.78,16.87,55.07,2007-10-31,QQQ
2010-01-13,45.61,46.35,15.83,55.07,2007-10-31,QQQ
2010-01-14,46.22,46.39,15.76,55.07,2007-10-31,QQQ
2010-01-15,45.65,45.85,16.74,55.07,2007-10-31,QQQ
2010-01-19,45.95,46.59,15.4,55.07,2007-10-31,QQQ
2010-01-20,45.43,45.92,16.62,55.07,2007-10-31,QQQ
2010-01-21,45.3,45.49,17.4,55.07,2007-10-31,QQQ
2010-01-22,44.04,44.16,19.81,55.07,2007-10-31,QQQ
2010-01-25,44.12,44.31,19.54,55.07,2007-10-31,QQQ
2010-01-26,44.05,44.35,19.47,55.07,2007-10-31,QQQ
2010-01-27,44.01,44.7,18.83,55.07,2007-10-31,QQQ
2010-01-28,43.32,43.55,20.92,55.07,2007-10-31,QQQ
2010-01-29,42.63,42.79,22.3,55.07,2007-10-31,QQQ
2010-02-01,42.88,43.26,21.45,55.07,2007-10-31,QQQ
2010-02-02,43.03,43.65,20.74,55.07,2007-10-31,QQQ
2010-02-03,43.42,43.89,20.3,55.07,2007-10-31,QQQ
2010-02-04,42.62,42.62,22.61,55.07,2007-10-31,QQQ
2010-02-05,42.12,42.98,21.95,55.07,2007-10-31,QQQ
2010-02-08,42.64,42.67,22.52,55.07,2007-10-31,QQQ
2010-02-09,42.76,43.11,21.72,55.07,2007-10-31,QQQ
2010-02-10,42.75,43.02,21.88,55.07,2007-10-31,QQQ
2010-02-11,42.76,43.67,20.7,55.07,2007-10-31,QQQ
2010-02-12,43.16,43.76,20.54,55.07,2007-10-31,QQQ
2010-02-16,43.85,44.32,19.52,55.07,2007-10-31,QQQ
2010-02-17,44.26,44.57,19.07,55.07,2007-10-31,QQQ
2010-02-18,44.45,44.85,18.56,55.07,2007-10-31,QQQ
2010-02-19,44.62,44.83,18.59,55.07,2007-10-31,QQQ
2010-02-22,44.56,44.74,18.76,55.07,2007-10-31,QQQ
2010-02-23,43.95,44.16,19.81,55.07,2007-10-31,QQQ
2010-02-24,44.32,44.61,18.99,55.07,2007-10-31,QQQ
2010-02-25,43.83,44.6,19.01,55.07,2007-10-31,QQQ
2010-02-26,44.4,44.76,18.72,55.07,2007-10-31,QQQ
2010-03-01,44.95,45.41,17.54,55.07,2007-10-31,QQQ
2010-03-02,45.45,45.55,17.29,55.07,2007-10-31,QQQ
2010-03-03,45.43,45.6,17.2,55.07,2007-10-31,QQQ
2010-03-04,45.4,45.75,16.92,55.07,2007-10-31,QQQ
2010-03-05,45.99,46.44,15.67,55.07,2007-10-31,QQQ
2010-03-08,46.44,46.53,15.51,55.07,2007-10-31,QQQ
2010-03-09,46.4,46.79,15.04,55.07,2007-10-31,QQQ
2010-05-06,42.64,46.57,15.43,55.07,2007-10-31,QQQ
2010-05-07,44.28,45.41,17.54,55.07,2007-10-31,QQQ
2010-05-18,46.22,46.43,15.69,55.07,2007-10-31,QQQ
2010-05-19,45.55,46.06,16.36,55.07,2007-10-31,QQQ
2010-05-20,44.25,44.35,19.47,55.07,2007-10-31,QQQ
2010-05-21,43.49,44.84,18.58,55.07,2007-10-31,QQQ
2010-05-24,44.64,44.66,18.9,55.07,2007-10-31,QQQ
2010-05-25,43.23,44.7,18.83,55.07,2007-10-31,QQQ
2010-05-26,44.12,44.2,19.74,55.07,2007-10-31,QQQ
2010-05-27,45.09,45.87,16.71,55.07,2007-10-31,QQQ
2010-05-28,45.2,45.6,17.2,55.07,2007-10-31,QQQ
2010-06-01,45.13,45.18,17.96,55.07,2007-10-31,QQQ
2010-06-02,45.13,46.25,16.02,55.07,2007-10-31,QQQ
2010-06-03,46.08,46.69,15.22,55.07,2007-10-31,QQQ
2010-06-04,44.94,45.09,18.12,55.07,2007-10-31,QQQ
2010-06-07,44.22,44.27,19.61,55.07,2007-10-31,QQQ
2010-06-08,43.59,44.19,19.76,55.07,2007-10-31,QQQ
2010-06-09,43.69,43.82,20.43,55.07,2007-10-31,QQQ
2010-06-10,44.24,45.07,18.16,55.07,2007-10-31,QQQ
2010-06-11,44.61,45.5,17.38,55.07,2007-10-31,QQQ
2010-06-14,45.41,45.49,17.4,55.07,2007-10-31,QQQ
2010-06-15,45.45,46.71,15.18,55.07,2007-10-31,QQQ
2010-06-21,46.33,46.6,15.38,55.07,2007-10-31,QQQ
2010-06-22,46.15,46.24,16.03,55.07,2007-10-31,QQQ
2010-06-23,45.69,46.05,16.38,55.07,2007-10-31,QQQ
2010-06-24,45.2,45.35,17.65,55.07,2007-10-31,QQQ
2010-06-25,44.95,45.27,17.8,55.07,2007-10-31,QQQ
2010-06-28,44.81,45.11,18.09,55.07,2007-10-31,QQQ
2010-06-29,43.07,43.37,21.25,55.07,2007-10-31,QQQ
2010-06-30,42.64,42.71,22.44,55.07,2007-10-31,QQQ
2010-07-01,41.77,42.59,22.66,55.07,2007-10-31,QQQ
2010-07-02,42.09,42.47,22.88,55.07,2007-10-31,QQQ
2010-07-06,42.25,42.6,22.64,55.07,2007-10-31,QQQ
2010-07-07,42.7,43.96,20.17,55.07,2007-10-31,QQQ
2010-07-08,43.68,44.2,19.74,55.07,2007-10-31,QQQ
2010-07-09,44.08,44.62,18.98,55.07,2007-10-31,QQQ
2010-07-12,44.46,44.75,18.74,55.07,2007-10-31,QQQ
2010-07-13,44.8,45.33,17.69,55.07,2007-10-31,QQQ
2010-07-14,45.24,45.56,17.27,55.07,2007-10-31,QQQ
2010-07-15,44.99,45.6,17.2,55.07,2007-10-31,QQQ
2010-07-16,44.3,44.34,19.48,55.07,2007-10-31,QQQ
2010-07-19,44.1,44.72,18.79,55.07,2007-10-31,QQQ
2010-07-20,43.86,45.26,17.81,55.07,2007-10-31,QQQ
2010-07-21,44.56,44.64,18.94,55.07,2007-10-31,QQQ
2010-07-22,45.24,45.77,16.89,55.07,2007-10-31,QQQ
2010-07-23,45.38,46.06,16.36,55.07,2007-10-31,QQQ
2010-07-26,45.91,46.44,15.67,55.07,2007-10-31,QQQ
2010-07-27,46.21,46.42,15.71,55.07,2007-10-31,QQQ
2010-07-28,45.88,46.05,16.38,55.07,2007-10-31,QQQ
2010-07-29,45.25,45.71,17.0,55.07,2007-10-31,QQQ
2010-07-30,45.07,45.81,16.81,55.07,2007-10-31,QQQ
2010-08-02,46.21,46.67,15.25,55.07,2007-10-31,QQQ
2010-08-03,46.25,46.47,15.62,55.07,2007-10-31,QQQ
2010-08-06,46.05,46.76,15.09,55.07,2007-10-31,QQQ
2010-08-10,46.28,46.67,15.25,55.07,2007-10-31,QQQ
2010-08-11,45.21,45.4,17.56,55.07,2007-10-31,QQQ
2010-08-12,44.45,45.04,18.21,55.07,2007-10-31,QQQ
2010-08-13,44.71,44.72,18.79,55.07,2007-10-31,QQQ
2010-08-16,44.3,44.8,18.65,55.07,2007-10-31,QQQ
2010-08-17,45.03,45.37,17.61,55.07,2007-10-31,QQQ
2010-08-18,45.11,45.55,17.29,55.07,2007-10-31,QQQ
2010-08-19,44.56,44.86,18.54,55.07,2007-10-31,QQQ
2010-08-20,44.54,44.92,18.43,55.07,2007-10-31,QQQ
2010-08-23,44.46,44.48,19.23,55.07,2007-10-31,QQQ
2010-08-24,43.47,43.65,20.74,55.07,2007-10-31,QQQ
2010-08-25,43.27,44.07,19.97,55.07,2007-10-31,QQQ
2010-08-26,43.5,43.54,20.94,55.07,2007-10-31,QQQ
2010-08-27,42.97,44.07,19.97,55.07,2007-10-31,QQQ
2010-08-30,43.6,43.61,20.81,55.07,2007-10-31,QQQ
2010-08-31,43.18,43.46,21.08,55.07,2007-10-31,QQQ
2010-09-01,44.07,44.76,18.72,55.07,2007-10-31,QQQ
2010-09-02,44.73,45.26,17.81,55.07,2007-10-31,QQQ
2010-09-03,45.55,46.01,16.45,55.07,2007-10-31,QQQ
2010-09-07,45.63,45.7,17.01,55.07,2007-10-31,QQQ
2010-09-08,45.82,46.25,16.02,55.07,2007-10-31,QQQ
2010-09-09,46.32,46.43,15.69,55.07,2007-10-31,QQQ
2010-09-10,46.25,46.6,15.38,55.07,2007-10-31,QQQ
2011-08-08,50.59,50.59,15.44,59.83,2011-07-26,QQQ
2011-08-19,49.99,50.03,16.38,59.83,2011-07-26,QQQ
2011-08-22,50.06,50.21,16.08,59.83,2011-07-26,QQQ
2016-02-05,97.72,98.12,15.23,115.75,2015-12-02,QQQ
2016-02-08,94.84,96.62,16.53,115.75,2015-12-02,QQQ
2016-02-09,95.18,96.32,16.79,115.75,2015-12-02,QQQ
2016-02-10,96.62,96.69,16.47,115.75,2015-12-02,QQQ
2016-02-11,95.19,96.55,16.59,115.75,2015-12-02,QQQ
2016-02-12,96.73,98.02,15.32,115.75,2015-12-02,QQQ
2018-11-20,157.13,159.16,15.13,187.53,2018-10-01,QQQ
2018-11-23,159.09,159.21,15.1,187.53,2018-10-01,QQQ
2018-12-17,156.17,157.43,16.05,187.53,2018-10-01,QQQ
2018-12-18,157.04,158.42,15.52,187.53,2018-10-01,QQQ
2018-12-19,153.34,154.53,17.6,187.53,2018-10-01,QQQ
2018-12-20,150.39,152.29,18.79,187.53,2018-10-01,QQQ
2018-12-21,146.72,147.57,21.31,187.53,2018-10-01,QQQ
2018-12-24,143.46,143.5,23.48,187.53,2018-10-01,QQQ
2018-12-26,144.09,152.46,18.7,187.53,2018-10-01,QQQ
2018-12-27,147.08,153.05,18.39,187.53,2018-10-01,QQQ
2018-12-28,151.72,152.97,18.43,187.53,2018-10-01,QQQ
2018-12-31,152.71,154.26,17.74,187.53,2018-10-01,QQQ
2019-01-02,150.88,154.88,17.41,187.53,2018-10-01,QQQ
2019-01-03,149.49,149.82,20.11,187.53,2018-10-01,QQQ
2019-01-04,151.74,156.23,16.69,187.53,2018-10-01,QQQ
2019-01-07,156.11,158.09,15.7,187.53,2018-10-01,QQQ
2019-01-14,158.59,159.27,15.07,187.53,2018-10-01,QQQ
2020-03-09,192.11,193.57,18.49,237.47,2020-02-19,QQQ
2020-03-11,192.73,195.22,17.79,237.47,2020-02-19,QQQ
2020-03-12,176.94,177.32,25.33,237.47,2020-02-19,QQQ
2020-03-13,178.13,192.34,19.0,237.47,2020-02-19,QQQ
2020-03-16,169.16,169.3,28.71,237.47,2020-02-19,QQQ
2020-03-17,169.78,182.14,23.3,237.47,2020-02-19,QQQ
2020-03-18,166.8,176.6,25.63,237.47,2020-02-19,QQQ
2020-03-19,171.63,177.66,25.19,237.47,2020-02-19,QQQ
2020-03-20,170.1,170.7,28.12,237.47,2020-02-19,QQQ
2020-03-23,164.93,170.46,28.22,237.47,2020-02-19,QQQ
2020-03-24,177.95,183.66,22.66,237.47,2020-02-19,QQQ
2020-03-25,179.98,182.3,23.23,237.47,2020-02-19,QQQ
2020-03-26,183.61,191.9,19.19,237.47,2020-02-19,QQQ
2020-03-27,184.66,185.3,21.97,237.47,2020-02-19,QQQ
2020-03-30,186.34,192.04,19.13,237.47,2020-02-19,QQQ
2020-03-31,189.2,190.4,19.82,237.47,2020-02-19,QQQ
2020-04-01,180.86,182.31,23.23,237.47,2020-02-19,QQQ
2020-04-02,180.97,186.01,21.67,237.47,2020-02-19,QQQ
2020-04-03,181.29,183.37,22.78,237.47,2020-02-19,QQQ
2020-04-06,189.19,196.48,17.26,237.47,2020-02-19,QQQ
2020-04-07,196.0,196.4,17.29,237.47,2020-02-19,QQQ
2020-04-08,196.17,200.57,15.54,237.47,2020-02-19,QQQ
2020-04-09,199.03,200.86,15.42,237.47,2020-02-19,QQQ
2022-01-25,341.68,345.11,15.56,408.71,2021-11-22,QQQ
2022-01-26,340.78,344.57,15.69,408.71,2021-11-22,QQQ
2022-01-27,340.05,341.1,16.54,408.71,2021-11-22,QQQ
2022-02-11,345.8,347.06,15.08,408.71,2021-11-22,QQQ
2022-02-17,345.02,345.45,15.48,408.71,2021-11-22,QQQ
2022-02-18,339.14,341.51,16.44,408.71,2021-11-22,QQQ
2022-02-22,334.35,338.08,17.28,408.71,2021-11-22,QQQ
2022-02-23,329.1,329.42,19.4,408.71,2021-11-22,QQQ
2022-02-24,318.26,340.49,16.69,408.71,2021-11-22,QQQ
2022-02-25,337.39,345.77,15.4,408.71,2021-11-22,QQQ
2022-02-28,341.32,346.8,15.15,408.71,2021-11-22,QQQ
2022-03-01,338.9,341.49,16.45,408.71,2021-11-22,QQQ
2022-03-02,340.24,347.22,15.04,408.71,2021-11-22,QQQ
2022-03-03,340.35,342.26,16.26,408.71,2021-11-22,QQQ
2022-03-04,334.92,337.3,17.47,408.71,2021-11-22,QQQ
2022-03-07,324.65,324.86,20.52,408.71,2021-11-22,QQQ
2022-03-08,319.94,323.35,20.89,408.71,2021-11-22,QQQ
2022-03-09,329.09,334.99,18.04,408.71,2021-11-22,QQQ
2022-03-10,326.71,331.27,18.95,408.71,2021-11-22,QQQ
2022-03-11,323.9,324.4,20.63,408.71,2021-11-22,QQQ
2022-03-14,317.45,318.17,22.15,408.71,2021-11-22,QQQ
2022-03-15,319.23,328.15,19.71,408.71,2021-11-22,QQQ
2022-03-16,328.4,340.32,16.73,408.71,2021-11-22,QQQ
2022-03-17,337.04,344.44,15.73,408.71,2021-11-22,QQQ
2022-04-11,340.54,340.89,16.59,408.71,2021-11-22,QQQ
2022-04-12,338.04,339.45,16.95,408.71,2021-11-22,QQQ
2022-04-13,339.06,346.35,15.26,408.71,2021-11-22,QQQ
2022-04-14,338.21,338.43,17.2,408.71,2021-11-22,QQQ
2022-04-18,335.79,338.69,17.13,408.71,2021-11-22,QQQ
2022-04-19,336.98,346.26,15.28,408.71,2021-11-22,QQQ
2022-04-20,339.96,341.21,16.52,408.71,2021-11-22,QQQ
2022-04-21,333.2,334.15,18.24,408.71,2021-11-22,QQQ
2022-04-22,324.96,325.4,20.38,408.71,2021-11-22,QQQ
2022-04-25,322.43,329.58,19.36,408.71,2021-11-22,QQQ
2022-04-26,316.86,317.14,22.4,408.71,2021-11-22,QQQ
2022-04-27,315.0,316.76,22.5,408.71,2021-11-22,QQQ
2022-04-28,317.52,328.01,19.75,408.71,2021-11-22,QQQ
2022-04-29,312.6,313.25,23.36,408.71,2021-11-22,QQQ
2022-05-02,309.65,318.48,22.08,408.71,2021-11-22,QQQ
2022-05-03,315.98,318.82,21.99,408.71,2021-11-22,QQQ
2022-05-04,313.89,329.6,19.36,408.71,2021-11-22,QQQ
2022-05-05,309.62,313.0,23.42,408.71,2021-11-22,QQQ
2022-05-06,305.11,309.25,24.34,408.71,2021-11-22,QQQ
2022-05-09,295.72,297.15,27.3,408.71,2021-11-22,QQQ
2022-05-10,296.57,300.76,26.41,408.71,2021-11-22,QQQ
2022-05-11,290.95,291.84,28.59,408.71,2021-11-22,QQQ
2022-05-12,284.94,291.15,28.76,408.71,2021-11-22,QQQ
2022-05-13,294.08,301.94,26.12,408.71,2021-11-22,QQQ
2022-05-16,297.13,298.44,26.98,408.71,2021-11-22,QQQ
2022-05-17,300.55,306.17,25.09,408.71,2021-11-22,QQQ
2022-05-18,289.85,291.14,28.77,408.71,2021-11-22,QQQ
2022-05-19,287.58,289.58,29.15,408.71,2021-11-22,QQQ
2022-05-20,280.21,288.68,29.37,408.71,2021-11-22,QQQ
2022-05-23,287.29,293.48,28.19,408.71,2021-11-22,QQQ
2022-05-24,282.25,287.24,29.72,408.71,2021-11-22,QQQ
2022-05-25,285.5,291.26,28.74,408.71,2021-11-22,QQQ
2022-05-26,290.15,299.33,26.76,408.71,2021-11-22,QQQ
2022-05-27,302.42,309.1,24.37,408.71,2021-11-22,QQQ
2022-05-31,304.33,308.28,24.57,408.71,2021-11-22,QQQ
2022-06-01,303.73,306.0,25.13,408.71,2021-11-22,QQQ
2022-06-02,303.4,314.38,23.08,408.71,2021-11-22,QQQ
2022-06-03,304.92,306.2,25.08,408.71,2021-11-22,QQQ
2022-06-06,305.62,307.22,24.83,408.71,2021-11-22,QQQ
2022-06-07,302.69,309.87,24.18,408.71,2021-11-22,QQQ
2022-06-08,306.77,307.64,24.73,408.71,2021-11-22,QQQ
2022-06-09,299.23,299.4,26.75,408.71,2021-11-22,QQQ
2022-06-10,288.38,288.84,29.33,408.71,2021-11-22,QQQ
2022-06-13,274.53,275.41,32.61,408.71,2021-11-22,QQQ
2022-06-14,273.34,275.91,32.49,408.71,2021-11-22,QQQ
2022-06-15,276.61,282.8,30.81,408.71,2021-11-22,QQQ
2022-06-16,269.28,271.39,33.6,408.71,2021-11-22,QQQ
2022-06-17,270.51,274.69,32.79,408.71,2021-11-22,QQQ
2022-06-21,278.64,281.08,31.23,408.71,2021-11-22,QQQ
2022-06-22,277.91,280.67,31.33,408.71,2021-11-22,QQQ
2022-06-23,280.31,284.85,30.31,408.71,2021-11-22,QQQ
2022-06-24,287.5,294.61,27.92,408.71,2021-11-22,QQQ
2022-06-27,291.29,292.45,28.45,408.71,2021-11-22,QQQ
2022-06-28,283.35,283.54,30.63,408.71,2021-11-22,QQQ
2022-06-29,280.84,283.8,30.56,408.71,2021-11-22,QQQ
2022-06-30,275.78,280.28,31.42,408.71,2021-11-22,QQQ
2022-07-01,277.03,282.13,30.97,408.71,2021-11-22,QQQ
2022-07-05,276.75,286.96,29.79,408.71,2021-11-22,QQQ
2022-07-06,285.59,288.8,29.34,408.71,2021-11-22,QQQ
2022-07-07,289.63,294.98,27.83,408.71,2021-11-22,QQQ
2022-07-08,291.12,295.35,27.74,408.71,2021-11-22,QQQ
2022-07-11,288.14,289.04,29.28,408.71,2021-11-22,QQQ
2022-07-12,284.61,286.24,29.97,408.71,2021-11-22,QQQ
2022-07-13,280.02,285.65,30.11,408.71,2021-11-22,QQQ
2022-07-14,279.8,286.67,29.86,408.71,2021-11-22,QQQ
2022-07-15,288.08,291.87,28.59,408.71,2021-11-22,QQQ
2022-07-18,288.2,289.4,29.19,408.71,2021-11-22,QQQ
2022-07-19,291.47,298.3,27.01,408.71,2021-11-22,QQQ
2022-07-20,297.93,303.03,25.86,408.71,2021-11-22,QQQ
2022-07-21,300.78,307.38,24.79,408.71,2021-11-22,QQQ
2022-07-22,300.12,301.99,26.11,408.71,2021-11-22,QQQ
2022-07-25,298.22,300.27,26.53,408.71,2021-11-22,QQQ
2022-07-26,293.54,294.37,27.98,408.71,2021-11-22,QQQ
2022-07-27,298.46,306.81,24.93,408.71,2021-11-22,QQQ
2022-07-28,302.75,309.81,24.2,408.71,2021-11-22,QQQ
2022-07-29,309.93,315.46,22.82,408.71,2021-11-22,QQQ
2022-08-01,312.53,315.27,22.86,408.71,2021-11-22,QQQ
2022-08-02,311.84,314.33,23.09,408.71,2021-11-22,QQQ
2022-08-03,315.99,322.89,21.0,408.71,2021-11-22,QQQ
2022-08-04,320.77,324.4,20.63,408.71,2021-11-22,QQQ
2022-08-05,318.39,321.75,21.28,408.71,2021-11-22,QQQ
2022-08-08,319.21,320.71,21.53,408.71,2021-11-22,QQQ
2022-08-09,315.42,317.08,22.42,408.71,2021-11-22,QQQ
2022-08-10,322.06,325.93,20.25,408.71,2021-11-22,QQQ
2022-08-11,323.36,324.08,20.71,408.71,2021-11-22,QQQ
2022-08-12,325.1,330.39,19.16,408.71,2021-11-22,QQQ
2022-08-15,329.4,333.06,18.51,408.71,2021-11-22,QQQ
2022-08-16,329.16,332.28,18.7,408.71,2021-11-22,QQQ
2022-08-17,326.36,328.49,19.63,408.71,2021-11-22,QQQ
2022-08-18,326.79,329.28,19.43,408.71,2021-11-22,QQQ
2022-08-19,322.08,322.86,21.01,408.71,2021-11-22,QQQ
2022-08-22,313.53,314.36,23.08,408.71,2021-11-22,QQQ
2022-08-23,313.33,314.1,23.15,408.71,2021-11-22,QQQ
2022-08-24,312.99,315.01,22.93,408.71,2021-11-22,QQQ
2022-08-25,315.76,320.58,21.56,408.71,2021-11-22,QQQ
2022-08-26,307.35,307.44,24.78,408.71,2021-11-22,QQQ
2022-08-29,303.28,304.41,25.52,408.71,2021-11-22,QQQ
2022-08-30,298.44,301.02,26.35,408.71,2021-11-22,QQQ
2022-08-31,299.16,299.27,26.78,408.71,2021-11-22,QQQ
2022-09-01,292.95,299.4,26.75,408.71,2021-11-22,QQQ
2022-09-02,293.52,295.17,27.78,408.71,2021-11-22,QQQ
2022-09-06,290.87,293.05,28.3,408.71,2021-11-22,QQQ
2022-09-07,293.27,298.97,26.85,408.71,2021-11-22,QQQ
2022-09-08,295.45,300.52,26.47,408.71,2021-11-22,QQQ
2022-09-09,300.52,307.09,24.86,408.71,2021-11-22,QQQ
2022-09-12,308.18,310.74,23.97,408.71,2021-11-22,QQQ
2022-09-13,292.79,293.7,28.14,408.71,2021-11-22,QQQ
2022-09-14,293.06,296.03,27.57,408.71,2021-11-22,QQQ
2022-09-15,289.46,291.1,28.78,408.71,2021-11-22,QQQ
2022-09-16,285.62,289.32,29.21,408.71,2021-11-22,QQQ
2022-09-19,286.04,291.05,28.79,408.71,2021-11-22,QQQ
2022-09-20,286.38,288.73,29.36,408.71,2021-11-22,QQQ
2022-09-21,283.42,283.56,30.62,408.71,2021-11-22,QQQ
2022-09-22,278.82,280.07,31.47,408.71,2021-11-22,QQQ
2022-09-23,272.02,275.51,32.59,408.71,2021-11-22,QQQ
2022-09-26,273.56,274.37,32.87,408.71,2021-11-22,QQQ
2022-09-27,272.11,274.48,32.84,408.71,2021-11-22,QQQ
2022-09-28,272.95,279.94,31.51,408.71,2021-11-22,QQQ
2022-09-29,268.84,271.87,33.48,408.71,2021-11-22,QQQ
2022-09-30,267.1,267.26,34.61,408.71,2021-11-22,QQQ
2022-10-03,267.53,273.53,33.07,408.71,2021-11-22,QQQ
2022-10-04,278.99,282.13,30.97,408.71,2021-11-22,QQQ
2022-10-05,275.42,281.98,31.01,408.71,2021-11-22,QQQ
2022-10-06,279.43,279.76,31.55,408.71,2021-11-22,QQQ
2022-10-07,267.74,269.1,34.16,408.71,2021-11-22,QQQ
2022-10-10,263.64,266.41,34.82,408.71,2021-11-22,QQQ
2022-10-11,261.03,262.75,35.71,408.71,2021-11-22,QQQ
2022-10-12,261.95,262.66,35.73,408.71,2021-11-22,QQQ
2022-10-13,254.26,268.82,34.23,408.71,2021-11-22,QQQ
2022-10-14,260.14,260.74,36.2,408.71,2021-11-22,QQQ
2022-10-17,266.74,269.35,34.1,408.71,2021-11-22,QQQ
2022-10-18,268.74,271.48,33.58,408.71,2021-11-22,QQQ
2022-10-19,268.07,270.49,33.82,408.71,2021-11-22,QQQ
2022-10-20,267.92,269.11,34.16,408.71,2021-11-22,QQQ
2022-10-21,266.82,275.42,32.61,408.71,2021-11-22,QQQ
2022-10-24,271.97,278.45,31.87,408.71,2021-11-22,QQQ
2022-10-25,277.9,284.21,30.46,408.71,2021-11-22,QQQ
2022-10-26,277.43,277.93,32.0,408.71,2021-11-22,QQQ
2022-10-27,272.34,272.87,33.24,408.71,2021-11-22,QQQ
2022-10-28,272.06,281.22,31.19,408.71,2021-11-22,QQQ
2022-10-31,275.99,277.95,31.99,408.71,2021-11-22,QQQ
2022-11-01,274.74,275.11,32.69,408.71,2021-11-22,QQQ
2022-11-02,265.61,265.68,35.0,408.71,2021-11-22,QQQ
2022-11-03,260.1,260.49,36.27,408.71,2021-11-22,QQQ
2022-11-04,259.08,264.68,35.24,408.71,2021-11-22,QQQ
2022-11-07,263.57,267.59,34.53,408.71,2021-11-22,QQQ
2022-11-08,265.52,269.54,34.05,408.71,2021-11-22,QQQ
2022-11-09,263.03,263.32,35.57,408.71,2021-11-22,QQQ
2022-11-10,273.85,282.75,30.82,408.71,2021-11-22,QQQ
2022-11-11,281.19,287.96,29.54,408.71,2021-11-22,QQQ
2022-11-14,284.44,285.44,30.16,408.71,2021-11-22,QQQ
2022-11-15,285.97,289.39,29.19,408.71,2021-11-22,QQQ
2022-11-16,284.6,285.44,30.16,408.71,2021-11-22,QQQ
2022-11-17,280.72,284.81,30.31,408.71,2021-11-22,QQQ
2022-11-18,282.32,284.82,30.31,408.71,2021-11-22,QQQ
2022-11-21,281.04,281.89,31.03,408.71,2021-11-22,QQQ
2022-11-22,280.46,285.95,30.04,408.71,2021-11-22,QQQ
2022-11-23,285.79,288.82,29.33,408.71,2021-11-22,QQQ
2022-11-25,286.42,286.92,29.8,408.71,2021-11-22,QQQ
2022-11-28,281.76,282.71,30.83,408.71,2021-11-22,QQQ
2022-11-29,279.17,280.57,31.35,408.71,2021-11-22,QQQ
2022-11-30,279.97,293.36,28.22,408.71,2021-11-22,QQQ
2022-12-01,290.88,293.72,28.13,408.71,2021-11-22,QQQ
2022-12-02,288.36,292.55,28.42,408.71,2021-11-22,QQQ
2022-12-05,286.15,287.64,29.62,408.71,2021-11-22,QQQ
2022-12-06,280.26,281.68,31.08,408.71,2021-11-22,QQQ
2022-12-07,278.78,280.53,31.36,408.71,2021-11-22,QQQ
2022-12-08,279.79,283.85,30.55,408.71,2021-11-22,QQQ
2022-12-09,281.59,282.04,30.99,408.71,2021-11-22,QQQ
2022-12-12,281.16,285.58,30.13,408.71,2021-11-22,QQQ
2022-12-13,285.91,288.65,29.38,408.71,2021-11-22,QQQ
2022-12-14,283.19,286.51,29.9,408.71,2021-11-22,QQQ
2022-12-15,275.67,276.89,32.25,408.71,2021-11-22,QQQ
2022-12-16,272.61,274.25,32.9,408.71,2021-11-22,QQQ
2022-12-19,268.49,269.75,34.0,408.71,2021-11-22,QQQ
2022-12-20,266.95,269.54,34.05,408.71,2021-11-22,QQQ
2022-12-21,269.74,273.45,33.09,408.71,2021-11-22,QQQ
2022-12-22,262.46,266.76,34.73,408.71,2021-11-22,QQQ
2022-12-23,263.53,267.36,34.58,408.71,2021-11-22,QQQ
2022-12-27,263.03,263.58,35.51,408.71,2021-11-22,QQQ
2022-12-28,259.73,260.1,36.36,408.71,2021-11-22,QQQ
2022-12-29,262.25,266.44,34.81,408.71,2021-11-22,QQQ
2022-12-30,262.29,266.28,34.85,408.71,2021-11-22,QQQ
2023-01-03,262.13,264.48,35.29,408.71,2021-11-22,QQQ
2023-01-04,262.53,265.74,34.98,408.71,2021-11-22,QQQ
2023-01-05,261.26,261.58,36.0,408.71,2021-11-22,QQQ
2023-01-06,260.34,268.8,34.23,408.71,2021-11-22,QQQ
2023-01-09,269.92,270.54,33.81,408.71,2021-11-22,QQQ
2023-01-10,268.97,272.83,33.25,408.71,2021-11-22,QQQ
2023-01-11,273.12,277.55,32.09,408.71,2021-11-22,QQQ
2023-01-12,273.74,279.05,31.72,408.71,2021-11-22,QQQ
2023-01-13,276.16,280.97,31.25,408.71,2021-11-22,QQQ
2023-01-17,279.58,281.54,31.11,408.71,2021-11-22,QQQ
2023-01-18,277.67,277.88,32.01,408.71,2021-11-22,QQQ
2023-01-19,273.89,275.15,32.68,408.71,2021-11-22,QQQ
2023-01-20,275.71,282.68,30.84,408.71,2021-11-22,QQQ
2023-01-23,282.73,288.96,29.3,408.71,2021-11-22,QQQ
2023-01-24,286.78,288.37,29.44,408.71,2021-11-22,QQQ
2023-01-25,281.18,287.73,29.6,408.71,2021-11-22,QQQ
2023-01-26,288.52,293.34,28.23,408.71,2021-11-22,QQQ
2023-01-27,291.88,296.26,27.51,408.71,2021-11-22,QQQ
2023-01-30,289.89,290.27,28.98,408.71,2021-11-22,QQQ
2023-01-31,290.2,294.62,27.91,408.71,2021-11-22,QQQ
2023-02-01,292.3,300.92,26.37,408.71,2021-11-22,QQQ
2023-02-02,306.73,311.72,23.73,408.71,2021-11-22,QQQ
2023-02-03,304.54,306.18,25.09,408.71,2021-11-22,QQQ
2023-02-06,302.22,303.59,25.72,408.71,2021-11-22,QQQ
2023-02-07,302.32,309.88,24.18,408.71,2021-11-22,QQQ
2023-02-08,303.67,304.37,25.53,408.71,2021-11-22,QQQ
2023-02-09,300.2,301.68,26.19,408.71,2021-11-22,QQQ
2023-02-10,297.25,299.7,26.67,408.71,2021-11-22,QQQ
2023-02-13,299.93,304.5,25.5,408.71,2021-11-22,QQQ
2023-02-14,300.91,306.75,24.95,408.71,2021-11-22,QQQ
2023-02-15,304.2,309.1,24.37,408.71,2021-11-22,QQQ
2023-02-16,303.15,303.3,25.79,408.71,2021-11-22,QQQ
2023-02-17,298.1,301.16,26.31,408.71,2021-11-22,QQQ
2023-02-21,293.89,294.03,28.06,408.71,2021-11-22,QQQ
2023-02-22,292.56,294.25,28.01,408.71,2021-11-22,QQQ
2023-02-23,292.55,296.82,27.38,408.71,2021-11-22,QQQ
2023-02-24,290.05,291.85,28.59,408.71,2021-11-22,QQQ
2023-02-27,293.34,293.94,28.08,408.71,2021-11-22,QQQ
2023-02-28,292.96,293.56,28.17,408.71,2021-11-22,QQQ
2023-03-01,290.2,291.2,28.75,408.71,2021-11-22,QQQ
2023-03-02,288.37,293.61,28.16,408.71,2021-11-22,QQQ
2023-03-03,294.87,299.68,26.68,408.71,2021-11-22,QQQ
2023-03-06,299.82,300.02,26.59,408.71,2021-11-22,QQQ
2023-03-07,295.72,296.34,27.49,408.71,2021-11-22,QQQ
2023-03-08,294.88,297.82,27.13,408.71,2021-11-22,QQQ
2023-03-09,291.83,292.66,28.39,408.71,2021-11-22,QQQ
2023-03-10,287.38,288.55,29.4,408.71,2021-11-22,QQQ
2023-03-13,285.19,290.69,28.88,408.71,2021-11-22,QQQ
2023-03-14,293.45,297.37,27.24,408.71,2021-11-22,QQQ
2023-03-15,293.24,298.93,26.86,408.71,2021-11-22,QQQ
2023-03-16,297.19,306.81,24.93,408.71,2021-11-22,QQQ
2023-03-17,303.37,305.36,25.29,408.71,2021-11-22,QQQ
2023-03-20,302.01,305.97,25.14,408.71,2021-11-22,QQQ
2023-03-21,306.4,310.34,24.07,408.71,2021-11-22,QQQ
2023-03-22,305.95,306.12,25.1,408.71,2021-11-22,QQQ
2023-03-23,307.01,309.75,24.21,408.71,2021-11-22,QQQ
2023-03-24,306.95,310.89,23.93,408.71,2021-11-22,QQQ
2023-03-27,307.89,308.76,24.45,408.71,2021-11-22,QQQ
2023-03-28,304.77,307.12,24.86,408.71,2021-11-22,QQQ
2023-03-29,310.05,312.72,23.49,408.71,2021-11-22,QQQ
2023-03-30,312.81,315.68,22.76,408.71,2021-11-22,QQQ
2023-03-31,315.6,320.93,21.48,408.71,2021-11-22,QQQ
2023-04-03,317.42,320.15,21.67,408.71,2021-11-22,QQQ
2023-04-04,317.83,319.07,21.93,408.71,2021-11-22,QQQ
2023-04-05,314.07,315.92,22.7,408.71,2021-11-22,QQQ
2023-04-06,312.82,318.05,22.18,408.71,2021-11-22,QQQ
2023-04-10,313.25,317.87,22.23,408.71,2021-11-22,QQQ
2023-04-11,315.31,315.83,22.73,408.71,2021-11-22,QQQ
2023-04-12,312.57,313.04,23.41,408.71,2021-11-22,QQQ
2023-04-13,313.63,319.17,21.91,408.71,2021-11-22,QQQ
2023-04-14,315.61,318.57,22.05,408.71,2021-11-22,QQQ
2023-04-17,316.04,318.84,21.99,408.71,2021-11-22,QQQ
2023-04-18,317.64,318.86,21.98,408.71,2021-11-22,QQQ
2023-04-19,316.28,318.71,22.02,408.71,2021-11-22,QQQ
2023-04-20,314.97,316.28,22.62,408.71,2021-11-22,QQQ
2023-04-21,314.1,316.61,22.53,408.71,2021-11-22,QQQ
2023-04-24,313.74,315.95,22.7,408.71,2021-11-22,QQQ
2023-04-25,309.89,309.99,24.15,408.71,2021-11-22,QQQ
2023-04-26,311.34,311.87,23.69,408.71,2021-11-22,QQQ
2023-04-27,315.05,320.35,21.62,408.71,2021-11-22,QQQ
2023-04-28,318.96,322.56,21.08,408.71,2021-11-22,QQQ
2023-05-01,321.09,322.19,21.17,408.71,2021-11-22,QQQ
2023-05-02,317.61,319.38,21.86,408.71,2021-11-22,QQQ
2023-05-03,317.18,317.29,22.37,408.71,2021-11-22,QQQ
2023-05-04,315.12,316.17,22.64,408.71,2021-11-22,QQQ
2023-05-05,316.21,322.89,21.0,408.71,2021-11-22,QQQ
2023-05-08,321.32,323.69,20.8,408.71,2021-11-22,QQQ
2023-05-09,321.32,321.64,21.3,408.71,2021-11-22,QQQ
2023-05-10,321.6,325.14,20.45,408.71,2021-11-22,QQQ
2023-05-11,324.12,326.2,20.19,408.71,2021-11-22,QQQ
2023-05-12,322.94,325.03,20.47,408.71,2021-11-22,QQQ
2023-05-15,323.96,326.79,20.04,408.71,2021-11-22,QQQ
2023-05-16,326.02,327.16,19.95,408.71,2021-11-22,QQQ
2023-05-17,327.04,331.12,18.98,408.71,2021-11-22,QQQ
2023-05-18,331.5,337.27,17.48,408.71,2021-11-22,QQQ
2023-05-19,335.43,336.51,17.67,408.71,2021-11-22,QQQ
2023-05-22,336.24,337.64,17.39,408.71,2021-11-22,QQQ
2023-05-23,333.0,333.36,18.44,408.71,2021-11-22,QQQ
2023-05-24,329.56,331.65,18.85,408.71,2021-11-22,QQQ
2023-05-25,336.67,339.72,16.88,408.71,2021-11-22,QQQ
2023-10-26,342.35,343.66,15.92,408.71,2021-11-22,QQQ
2023-10-27,344.08,345.31,15.51,408.71,2021-11-22,QQQ
2025-04-03,450.14,450.66,16.67,540.81,2025-02-19,QQQ
2025-04-04,422.67,422.67,21.85,540.81,2025-02-19,QQQ
2025-04-07,402.39,423.69,21.66,540.81,2025-02-19,QQQ
2025-04-08,409.79,416.06,23.07,540.81,2025-02-19,QQQ
2025-04-10,432.63,446.18,17.5,540.81,2025-02-19,QQQ
2025-04-11,441.33,454.4,15.98,540.81,2025-02-19,QQQ
2025-04-14,452.63,457.48,15.41,540.81,2025-02-19,QQQ
2025-04-15,456.15,457.99,15.31,540.81,2025-02-19,QQQ
2025-04-16,437.76,444.18,17.87,540.81,2025-02-19,QQQ
2025-04-17,441.36,444.1,17.88,540.81,2025-02-19,QQQ
2025-04-21,427.93,433.11,19.91,540.81,2025-02-19,QQQ
2025-04-22,437.62,444.48,17.81,540.81,2025-02-19,QQQ
2025-04-23,452.88,454.56,15.95,540.81,2025-02-19,QQQ
