Year,Month,Trading days,QQQ %,QQQ Cum. %,QLD %,QLD Cum. %,TQQQ %,TQQQ Cum. %,SPY %,SPY Cum. %,SSO %,SSO Cum. %,SPXL %,SPXL Cum. %
2010,2,8,0.992776691648678,0.992776691648678,1.986273840565933,1.986273840565933,3.0823728552905605,3.0823728552905605,0.9112447780811772,0.9112447780811772,1.8729604339062567,1.8729604339062567,2.636356057078171,2.636356057078171
2010,3,23,7.5960716116543425,8.664260331744478,15.864027924556767,18.16540480184825,24.582846189279508,28.42295402256625,5.652882659372471,6.615639035498244,11.937116141628223,14.033654037816623,16.70588325051694,19.782665872558525
2010,4,21,2.242528726072468,11.101087584658021,4.217595360432935,23.149143432407794,6.095007355740001,36.25034251670025,1.547006460336564,8.264989859106509,2.80885587317663,17.236695026655745,5.0403225418804265,25.820098581798412
2010,5,20,-7.392370187382625,2.8880839081919074,-15.26390211106029,4.351778728275835,-22.85207936231962,5.114306113351597,-7.945454933080153,-0.3371561184525973,-16.091681336484832,-1.6286603464602534,-23.89635537163002,-4.246319304243363
2010,6,22,-6.3377181718296765,-3.6326728823049326,-12.44162603884298,-8.631279345977138,-18.879674894949794,-14.730933148931523,-5.623115453447413,-5.941312894101058,-11.120315693552207,-12.56786386791038,-17.822621985079746,-21.312135851448343
2010,7,21,7.258258851017807,3.3619171677044424,14.505929592748723,4.622602941890674,21.797930227230644,3.8559585486750425,6.830067175923693,0.48295862002372125,14.063963746518393,-0.271439939486684,21.22763654818933,-4.608562042460818
2010,8,22,-5.129889147282373,-1.940434603504626,-10.21746342640808,-6.06717324945315,-15.117963680809531,-11.84494754507025,-4.498049546993044,-4.0368146449894615,-9.254222565459546,-9.500542848814586,-13.227848907327665,-17.22679732601131
2010,9,21,12.908423213372512,10.717509099068788,27.4317869876586,19.70027969624326,43.137937840664755,26.183324186342748,8.375272907889686,4.000364019596692,18.08637897930192,6.867531945759753,28.251874637807205,6.158184127142063
2010,10,21,6.337885937830134,17.734658538974468,12.943128281176918,35.1932404502556,19.551663983989577,50.85426373508473,3.8202056560734388,7.973391808210284,7.569214181062356,14.956564328749543,11.772510964091488,18.65566799279028
2010,11,21,-0.17248016876487693,17.53158960123169,-0.8414852278469609,34.05560930281908,-1.4311462832760524,48.69531854647662,4.440892098500626e-14,7.973391808210328,-0.4014124558923027,14.495114360668104,-0.016954570872740327,18.63555043346592
2010,12,22,4.549815559497583,22.87906015223338,9.684830155018286,47.03866737707201,14.813673564223318,70.72255764123368,6.127101246619526,14.589030843708573,13.91654549410819,30.428879039201682,21.28922404299871,43.8921385598912
2011,1,20,2.827765224782053,26.35379148375725,5.489359090693946,55.11014783157053,8.0065417391467,84.39153047691784,2.3300140562872995,17.258971369330368,4.328828020980313,36.07492090250118,6.545452653869033,53.31053036196851
2011,2,19,3.1607151031493474,30.3474748545862,6.204909191111052,64.7345916507176,9.141036102984446,101.24682684865847,3.473734438239817,21.332236639712555,6.941949866523611,45.521173692464465,10.462068383786317,69.34998288798313
2011,3,23,-0.5885410245694334,29.580326490576624,-1.3811266898210328,62.45939823806186,-2.3519792126215466,96.51354331511754,-0.4205764808589474,20.8219417887058,-0.6342103128464505,44.59826340153165,-0.35650080870224254,68.74624882945035
2011,4,20,2.8730655008027517,33.30325414680495,5.768574226948409,71.83098921407817,8.57705351309952,113.36861508574319,2.8961433320389807,24.32111839945943,5.744323910260185,52.90445601992684,8.777570399587798,83.55806961711896
2011,5,21,-1.218688555159575,31.678702644862568,-2.8478261357583134,66.93754139390762,-4.306860481064312,104.17912652362106,-1.1214533910683833,22.92691500135455,-2.378839178111214,49.26710491504698,-3.7386147215369037,76.69554060384438
2011,6,22,-2.2446904722250194,28.722923352643814,-4.348292171194168,59.67860935069231,-7.011158408374641,89.86380452621432,-2.1719739127857185,20.256974475732846,-3.8188802049822,43.56677299289624,-6.047837213408114,66.00928194477245
2011,7,20,1.6652073192708228,30.866426893891408,3.030645520170938,64.51790197165033,4.426528567557542,98.26818007301881,-2.0004541677872245,17.851288817778222,-4.216297160088023,37.513571220366735,-7.00691508072222,54.37715253278552
2011,8,23,-5.068963149498251,24.232855939574982,-11.623331556965589,45.39544075492179,-19.541094087126908,59.52440846011599,-5.497564764314655,11.372337889441342,-12.810899522334552,19.896845781751594,-21.8745888048704,20.607785207571116
2011,9,21,-4.667634636258622,18.434120126126107,-9.401372021402121,31.726274467394266,-14.314678847187,36.689001706175574,-7.421043695168816,3.1073480303348333,-14.03667015001423,3.067321019095881,-22.6263941459262,-6.6814076441659935
2011,10,21,10.401979252960292,30.753612730071822,21.000691926878368,59.38970355504598,31.537127312075143,79.79678619585673,10.914713484379824,14.361219649188218,21.806685575722916,25.542887645051103,33.75025165832275,24.81385211993232
2011,11,21,-2.6919781755873506,27.233754011586274,-6.185573247702969,49.53053669235199,-10.145154904498387,61.5561237229773,-0.40637620416765774,13.896482865738014,-1.5567593961148152,23.5884869454829,-3.676234779191001,20.225401879051354
2011,12,21,-0.993079561367316,25.97022160533684,-1.630254225279848,47.09280879984128,-2.8297841838755278,56.98443408578211,0.40803435870631066,14.36121964918826,1.888865876145407,25.92290770224055,1.8413226949630435,22.43913948896086
2012,1,20,8.418407297324947,36.57490793341693,17.272299425172875,72.49911916864691,26.856986944491588,99.14572305308462,4.637456035234067,19.66467093177684,8.967449670500294,37.214981074069506,14.858630954480322,40.63191936946693
2012,2,20,6.410052802015853,45.3294316462535,13.105833175602232,95.10656595627307,20.1390698565568,139.2518193350905,4.340539621026163,24.858763385941195,8.447083129989675,48.80564459219576,13.008017907024815,58.92534462403989
2012,3,22,4.875018182145596,52.414267863017216,10.087914899890826,114.78875029404128,15.460335874476838,176.240954190092,2.7660145730229013,28.312374976892517,6.45749896978125,58.41476755871315,9.130058408056719,73.43532141342016
2012,4,20,-1.1695053735557126,50.63177481029364,-2.5725071412921685,109.26329435403485,-4.304600698870065,164.34988414545995,-0.6675679693943892,27.45580266077756,-1.6106964214793185,55.86318656655018,-2.43675622285755,69.20912542624565
2012,5,22,-7.04014471621589,40.02707987504452,-13.935641335157744,80.10111220672115,-20.44718429209399,110.29777615830079,-6.005572452795594,19.801352086692383,-11.372342367695365,38.13789136500232,-17.75690643679756,39.16281934178378
2012,6,21,3.383825720832334,44.765352219986724,6.757575333388299,92.27158054036053,9.793619353531891,130.89353986418732,3.5217196621455837,24.020419858645692,7.152681142277317,48.01845427100637,10.151844815793186,53.290412802644305
2012,7,21,0.9975052261825157,46.209394174082604,1.6341076342163863,95.41350511639908,2.280005712888844,136.15792576378206,1.1829541059146464,25.48752450753613,2.5307190519123557,51.764385493588904,3.1245887068130918,58.08010772970289
2012,8,23,5.185185882889276,53.790623040255085,10.644979221144713,116.21523213135032,16.093041283080467,174.16291825021406,2.505262348443882,28.631316211017733,4.614562400457745,58.76764776386181,6.683641220206837,68.64561497087269
2012,9,19,0.6015199687301687,54.71570434787676,1.603479065135982,119.68219811421167,2.139092838431478,180.02751760013913,1.9906471278648974,31.191911812707175,4.667463607273925,66.1780699433649,7.661095911120186,81.56571728368971
2012,10,21,-5.27928068060829,46.547828058372254,-10.619764433201063,96.35246617280433,-15.63324921055279,136.25011791558478,-1.819820167377184,28.804454943571844,-4.1489723372766125,59.28338779079452,-6.20703748257363,70.29586515638742
2012,11,21,1.3087084579741504,48.46571187914959,2.409419531039858,101.0834208424503,3.1861494230697396,143.77739968455376,0.5659623335162456,29.53343964244337,0.9372856751877379,60.77632816751137,1.0753888617430096,72.12720792228811
2012,12,20,-1.0182458469080058,46.953965933857745,-1.562498073125751,97.94149626641166,-1.9321844009207223,139.06717079487865,0.18291225943654066,29.770372183619244,1.890931859768341,63.816498979796556,2.4786634189334134,76.39366205908931
2013,1,21,2.671588463905139,50.87997113499778,5.309249725416243,108.45070461342092,7.649213603013272,157.35392934365947,5.119017694451755,36.413340497854605,10.27341298160156,80.64604445199215,15.64175567119037,103.98472769783731
2013,2,19,0.3439445462723789,51.39891456713394,0.48509835997097017,109.46189556284858,0.5921438065876528,158.87783469727793,1.275887575849266,38.153821361067685,2.1637787317482227,84.55482514158878,2.9992078556869917,110.10265367535257
2013,3,20,2.7868894025433244,55.61823487277102,5.844826533876635,121.7045800130669,8.740601139223703,181.5053136660259,3.3375090945341634,42.764717713439794,7.3393229150594985,98.0998997140534,11.484683496862846,134.23227846847666
2013,4,22,2.5373350283118157,59.566790856638384,4.658740248878113,132.03322051574182,6.9389757312410705,201.03889906346546,1.921232234642667,45.50755948984702,3.8640717526855273,105.75462198100247,5.524519695262087,147.17248682512883
2013,5,22,3.577486899924187,65.27527189616404,7.11283999194432,148.53737221918183,10.707186605409147,233.27169574106,2.3609747278205973,48.942956196470824,4.55144697802512,115.1194345053038,6.863706564605998,164.13768102924507
2013,6,20,-2.7030762551994436,60.807755265822514,-5.172911325748686,135.6807543429376,-8.022715970919291,206.53425418028846,-1.8537772015109533,46.18188563124419,-3.1798064896736755,108.27905276635485,-5.714285714285705,149.0440992561454
2013,7,22,6.3140174154025175,70.9611849386244,13.055464854691357,166.44997239545128,20.141552929039296,268.2750132316471,5.167690212906839,53.736112628052666,10.413133734142498,129.96742907112062,16.945458614464926,191.24576402736247
2013,8,22,-0.3959290427007156,70.28429995570711,-1.043638731100749,163.6691972845251,-1.6927931625305592,262.04087898835326,-2.9992369249114303,49.12520237118869,-6.078849683279297,115.98805473738527,-9.307631679604677,164.137681029245
2013,9,20,4.518346333058476,77.9783343785301,9.560328069180123,188.87683756229947,14.91074263268175,316.02386267940534,2.664222898235735,53.098230159802284,6.371747787192694,129.75026883571513,9.805716378348173,190.03827287931873
2013,10,23,4.95690136695579,86.80054486822462,10.06376205368551,217.9487151227809,14.696397169044983,377.1643818567731,4.630676170268222,60.18771342091465,9.073724433550879,150.59717511521023,13.363859380923238,228.79857981776928
2013,11,20,3.5511564306009324,93.43412442971015,6.905953848056323,239.90610664964822,10.335811539385166,426.4831930985613,2.9637675139942754,64.93530483269396,5.7733988828788,165.0651496238376,8.868898112838552,257.95939085826734
2013,12,21,2.6011846963945207,98.4657032719805,5.822349731856602,259.6966289387282,8.858889032540995,473.1237549501414,2.0386753819923387,68.29780028853212,5.028157661025379,178.39304325135697,7.60667608684773,285.188202243309
2014,1,21,-1.921330671892374,94.65252084182903,-4.076302832121614,245.03430506625284,-6.357257242738246,436.6888035287202,-3.5248306240562854,62.36558788434885,-7.234787778447638,158.25189738215934,-10.768023532975313,243.71104597950492
2014,2,19,4.717746439313597,103.83573321287858,10.257478886804705,280.4261260606571,15.401834619193444,519.3487254679417,4.551577586552424,69.75578359076695,9.060335087115767,181.65038465381733,13.806429945929533,291.1652707590869
2014,3,21,-2.9554995319669763,97.8113690717905,-5.591417879639559,259.15491162928134,-8.365645339349026,467.53620768151524,0.38649484494712727,70.41188094334487,1.493827477305043,185.8577554897114,2.0527887208841245,299.1950673172453
2014,4,21,-0.31937810556048607,97.17960286866574,-1.085967053595993,255.25460761761556,-2.034198741857718,455.9913932852709,0.6951516442670114,71.59650193574888,1.2344535959508462,189.3865368316585,1.6182692836920198,305.65511847365394
2014,5,21,4.485637025201394,106.02436414108767,8.986475644068094,287.17947640560226,13.504990299609897,531.0779770151127,2.3206389325281407,75.57863716652626,4.408589176751021,202.1444003733936,6.444402506810731,331.7971670975761
2014,6,21,2.847449537874769,111.89080394573251,6.053537840864909,310.61753252187805,9.439483979107566,590.6484815511303,1.5777499794891403,78.34882907840843,4.015812881812408,214.2779541252632,6.319916784978208,359.08638873803625
2014,7,22,1.1819752291255092,114.395300761166,2.0932321430895406,319.2127106977871,3.0489447690908333,611.7059723021887,-1.3437588730887073,75.9522508626175,-2.8761460236343406,205.23886124453009,-4.497630362662131,338.4383799273053
2014,8,21,5.009474115339074,125.13537785729997,10.148172461645677,361.7551395605383,15.468474910542017,721.7960320645819,3.9463517118941027,82.8959455266506,7.870170158909873,229.2616790155934,11.993939348732141,391.02441329735
2014,9,21,-0.9921806733625305,122.90162814929815,-1.6737051301681238,354.02672010089856,-2.7759125145606967,698.983693166338,-1.8384745742481945,79.5334500708123,-2.976092761358984,219.46254602048123,-4.537074091147142,368.7462718604287
2014,10,23,2.641968403850248,128.79061873667038,4.7247871330978075,375.47851615305177,6.57729091694752,751.5351750448593,2.355090492857581,83.76162528492921,4.3758975186090066,233.44189964467662,6.10509776021646,397.3636900048779
2014,11,19,4.5463516183231745,139.1922447341766,9.190331541976725,419.1765681983886,14.294991553156166,873.2620563896755,2.7471948752987974,88.80991523752255,5.5356587874306085,251.90010546333275,8.3029912543501,438.65975368829595
2014,12,22,-2.603529931716886,132.9648030481768,-4.883131108730021,393.8244956874562,-7.525126397606341,800.0228564664098,-0.801160080385499,87.29724556882982,-1.0259193438108105,248.28989421049377,-1.6812373677170145,429.60360462443583
2015,1,20,-2.0823259330546517,128.11371653941492,-4.351332432357379,372.3365502476827,-6.947173515192418,737.4967069512971,-2.962925239280678,81.74776820739346,-6.14916962027483,226.87295784521476,-9.268131292380433,380.51924721866374
2015,2,19,7.2205768169486095,144.5848426721398,14.733546342726257,441.9284747720595,22.739310490874985,927.9376834958059,5.620459706888914,91.96282828765987,11.40175713030349,264.14221862336547,17.313741729789676,463.71510864403274
2015,3,22,-2.583028609173388,138.2671462122167,-5.004661221524764,414.8067905467416,-7.466298536369509,851.188787278168,-2.0079801162032673,88.10825286514223,-3.61534928467383,250.9772055271702,-5.280068716026964,433.9505635450017
2015,4,21,1.9223473566568172,142.84746839920888,3.5847074717326954,433.2611080324579,5.155830319430077,900.230467167675,0.9833910333340912,89.95809255677946,1.8406725196060014,257.4375464993899,2.6232469818861404,447.95740558796
2015,5,20,2.248449187118151,148.3077703283679,4.429089207594927,456.87971821662467,6.352739259196327,963.7725007378787,1.2856147891522784,92.400221887881,2.3086335920498247,265.68946976847354,3.4155998249845387,466.6734377742122
2015,6,22,-2.7078630388879144,141.58393599295934,-5.123212745027539,428.3495855184771,-7.648911037844286,882.4054885113869,-2.505443450518463,87.5797431298081,-4.20130909354498,250.32572482095426,-6.2753029526390725,431.1129628017457
2015,7,22,4.557763395280778,152.59476019652496,8.913187296051838,475.4423736536526,13.349629984748312,1013.5529861775161,2.258923370712007,91.81702578608888,4.21509572626213,265.09228947587917,6.0929868545802846,463.47360580822794
2015,8,21,-6.824474852983331,135.35649430695958,-14.007777443460478,394.8356866368827,-21.282248027087647,776.5638777461762,-6.095012746344263,80.1257536147683,-12.475835523640821,219.54397593137384,-18.900673999321516,356.97329650219285
2015,9,21,-2.444631849340073,129.60289448764138,-5.050356118209565,369.8447222617326,-8.134005734586601,705.2641216629875,-3.0555943451623713,74.62184127313434,-5.538569660933934,201.84581022709676,-8.746204958451099,317.0054753847206
2015,10,22,11.369889398523192,155.7084896466941,23.81244755891054,481.7262503586166,37.22903630621137,1005.0561938777952,8.505968469257574,89.47512003226414,17.44605187741426,254.50598686911746,26.85681646694411,428.9998705659029
2015,11,20,0.6088368489046259,157.26533715744063,0.9560425059765842,487.28780058046874,1.3121537779799741,1019.5562304745642,0.365512332225304,90.16767496248077,0.5972425289770822,256.62324739046977,0.616298674503768,432.2600897563272
2015,12,22,-1.8944010667502176,152.39169986595152,-3.6280863815256748,465.9804918672471,-5.766379840573821,954.9983656965909,-2.3096493688393616,85.77546845797335,-4.094995191704632,242.0195425573291,-5.989117728406734,400.38240635949745
2016,1,19,-6.91042670727311,134.95035643147423,-14.088821885574266,386.2405084609735,-21.132794854195737,732.0477253588125,-4.978659998814461,76.52633952224606,-10.365077427455327,206.56895215423341,-15.673260490164687,321.956168363819
2016,2,20,-1.5653484071944224,131.27256476937652,-3.624483738067885,368.61680030390687,-6.038419196094824,681.8051957900757,-0.08259532371520661,76.38053702067505,-0.6198021626570682,204.66883115874634,-1.430819872275102,315.9187356545789
2016,3,22,6.536582388528989,146.38988650759092,13.748468212011078,433.0444321298329,20.968715107514257,845.7396999910407,6.178966142137288,87.27903068450247,13.720600337653721,246.47122383543896,21.33836126938762,404.66897805562223
2016,4,21,-3.186809363363341,138.5379105339867,-6.55827068718512,398.08593538778973,-9.560549133093321,755.3217913022278,0.3941210304374332,88.01713673002946,0.5954203309856299,248.5341839431699,0.7776068361714739,408.5933185290195
2016,5,21,4.370029383127583,148.96208731422053,8.671698718569253,441.27844706418637,12.838791478730194,865.1347725596606,1.7011556611674417,91.2156008954773,3.1775716705594093,259.60910743436347,4.70085373325464,432.5015465301745
2016,6,22,-2.5376069560387737,142.64440806863553,-5.044033434949979,413.97618121809074,-7.827769168852383,789.586250395362,-0.1715595771227263,90.88755221918834,0.03019968766011516,259.71770826160594,-0.27210643092241416,431.0525755773046
2016,7,20,7.150829808386172,159.9954967291897,14.600897772551447,489.0213180130079,22.518689028747986,989.9094117643929,3.6471260003200445,97.84946176754885,7.3951122364960264,286.31923652210304,11.198270323606563,490.52127855092624
2016,8,23,1.0500729403995823,162.7256390866004,1.912933783219728,500.28890579564484,2.991290619451248,1022.5117697590173,0.1197539478041687,98.08639430872479,0.09836943679284449,286.69925657929224,-3.3306690738754696e-14,490.52127855092607
2016,9,21,1.958088914026046,167.87004069985923,4.127060859085763,525.0631942681711,5.800555312416034,1087.623685852269,-0.4968266661126264,97.10224827985805,-0.36501772283737965,285.28773575869747,-0.6441031276384623,486.71771252640895
2016,10,21,-1.4572130552100493,163.96660349578443,-3.062169514494917,505.922699686963,-4.611562136726455,1032.8556816287107,-1.733703165553202,93.68508036205363,-3.6776110546129726,271.1183513963676,-5.659600723120272,453.5118326255896
2016,11,21,0.43593652922735426,165.11733034538327,0.572181857701648,509.38967944626785,1.1005958653108605,1045.3238444206554,3.683839905261288,100.82012864296837,7.226451722205218,297.93703989227,10.874783145196298,513.7050441066243
2016,12,21,0.8340454101562811,167.3285292706578,2.074196921927851,522.0296214198884,2.596575280648361,1075.0630402482536,1.4293465045340348,103.69054413212737,3.87448324645403,313.35504383433107,6.000982176638825,550.5333744205963
2017,1,20,5.14010479856577,181.06949583163416,10.276356469893798,585.951602665327,15.75886435895326,1260.2396308931684,1.789468984853948,107.33552324445203,3.467296310495316,327.68728801844514,5.011602344203148,583.1355202628827
2017,2,19,4.375053858062383,193.36643765285254,8.760660827506106,646.0454960156786,13.389455071489476,1442.3683051362036,3.9291532937939966,115.48205378521645,7.8319348369509045,361.18347772197234,11.86920028640397,664.218243390452
2017,3,23,1.8151057781894187,198.69134881395794,3.8435484417798316,674.7201160527578,5.640717724130484,1529.3689474953921,-0.30870542723001604,114.8168489904748,-0.12948865721392755,360.5862974293776,-0.18170592005560815,662.8296136000666
2017,4,19,2.7269983964325117,206.83665710639724,5.32351199958061,715.9624343939912,8.071659401183751,1660.886059325873,0.9926174104371688,116.94915843410678,1.850550909933979,369.1096813474882,2.6988492868191383,683.4172351863573
2017,5,22,3.897336259196793,218.7951134003122,7.62149288954217,778.1509533126645,11.433959142926064,1862.2250519026738,1.4112905680906174,120.01094144463931,2.5459979805635635,381.0532043612234,3.7299721035551014,712.6384795132511
2017,6,22,-2.5833350342742367,210.55956754828765,-5.148874849442131,732.9360597374125,-8.067400670012114,1703.9244949183321,0.14910561908185738,120.33899012092814,0.9479701299002663,385.6134450474959,1.4264473119479204,724.2303392601223
2017,7,20,4.06131674126633,223.17237525673056,8.203259720349454,801.2639680221175,12.563998030856794,1930.5695329380146,2.0554181794775417,124.86787778035091,3.9463460359132174,404.7774319859894,5.859947077084704,772.5298009340412
2017,8,23,2.073588849610042,229.87364159507405,3.5742961672533546,833.4778114879675,5.03957492481133,2032.9016059508174,0.29177015368044845,125.52397513292858,0.3118877991643121,406.3517712092886,0.19374396001883287,774.2202747227152
2017,9,20,-0.5129959067410317,228.18140331627373,-0.6190057395193405,827.6995302577175,-1.0565591035729072,2010.3662398628912,1.5111681891648576,128.93202170407747,3.720383130260463,425.18999708513405,5.607731316335074,823.2441988420915
2017,10,22,4.606391948310851,243.2987250544881,9.124883990912224,912.3510361779719,13.741805454038957,2300.3686629125673,2.356405791355254,134.32658912177905,4.527604899248128,448.9685251235217,6.905570026836538,886.999473511838
2017,11,21,1.9717384951333239,250.06767816968937,3.71004338782559,949.9096988572765,5.502111146386168,2432.43961466904,3.0565880053275984,141.48898753816863,5.874203570680225,481.21605382823816,8.832886480785263,974.1800165730868
2017,12,20,0.3931683108918227,251.44403334692734,0.8943334110479206,959.2993920799896,1.181621239633035,2462.36345903685,0.698077626416338,143.17476813043191,2.2137145531737623,494.08251819721613,-0.3372250735730886,970.5576122218907
2018,1,21,8.757062063872766,282.2202054668955,17.837176468629814,1148.2484939764201,27.703280911772033,3172.222206074428,5.635917473767371,156.87989737928825,11.166957129328626,560.4234583171352,16.94111890668184,1151.9220502729352
2018,2,19,-1.2927905912178184,277.27889861288605,-3.425537077213614,1105.4892789994974,-6.164266615881598,2970.5137050279177,-3.6360412280689647,147.5396384039561,-8.072338324414396,507.11184238797813,-12.750772744782878,992.2923147008067
2018,3,21,-4.23419744439707,261.3041651295698,-8.687837345873861,1000.7583312180735,-13.42116660616346,2558.4149450110385,-3.1290263909371507,139.79405779026592,-5.67826018970673,472.6384523346665,-8.711029552476068,897.1424083677946
2018,4,21,0.505837465743264,263.1317769620861,0.2624732095102278,1003.6475269389728,-0.4238417210158607,2547.1474733563605,0.516821546906665,141.03336514912783,0.19908900055871648,473.7785125062345,-0.16953183161080299,895.4519345791205
2018,5,22,5.672924533561163,283.7319686265249,11.26963408166306,1128.0245647763188,16.998113573526496,2997.112607336212,2.4309071257752057,146.89266239803374,4.409117158738152,499.0770793542994,6.501698752569984,960.173220592085
2018,6,21,0.9290212878356074,287.29692030329596,1.7056780517645143,1148.9707102479852,2.1828613956454523,3064.7182828214222,0.12548768540157074,147.20248228550332,0.8518372944307018,504.18024133862554,1.4578573289369068,975.6290335879132
2018,7,21,2.7963898761642847,298.1272521733534,5.04279511510497,1211.9537442134624,7.564348885755678,3304.108614985331,3.7046549093895154,156.36048118162597,7.089585160159317,547.0141140691835,10.440048530759194,1087.9252267054276
2018,8,23,5.78067278246206,321.1416858793025,11.781542594358797,1366.5221334062564,17.694941710208933,3906.463650159186,3.1919850051325804,164.54346930002922,6.150362319420433,586.8078263422265,9.270179915831612,1198.0480324865712
2018,9,19,-0.46075576666161355,319.20125127579763,-0.8274195879300339,1354.3878420131239,-1.6044310002019557,3842.1827053442084,0.14122960475266844,164.91708299612063,0.7983515056369406,592.290966964662,1.0604645485101427,1211.8133716937245
2018,10,23,-8.595719112449096,283.1678892002582,-17.74930740208125,1096.2440731157187,-26.609503046931838,2793.1874782500217,-6.910427990346301,146.61017874154777,-14.013484620146544,495.2768787824053,-20.82106302804099,938.6798827631045
2018,11,21,-0.26499363303644774,282.1525186900373,-1.1713576250462099,1082.2317769511144,-2.911320598386491,2708.95751524579,1.854926993718009,151.18461751628098,3.146372002035891,514.006503831008,4.3013307626476704,983.3569400858266
2018,12,19,-8.921297187200638,248.05955678932662,-17.900775356830813,870.6031223620263,-26.92838445647413,1952.5506363213808,-9.33429940042062,127.73829326950991,-17.93103364536053,403.90879104436806,-26.66071984339843,694.5261813855307
2019,1,21,9.01076730860213,279.4223935469647,17.830027224640066,1043.661923322382,26.916838983733314,2505.0323861596003,8.006559960563497,145.97229627329716,15.729367078348844,483.17045452780656,24.012149984149843,885.3089997231626
2019,2,19,2.9911980671717187,290.77166884915823,5.62082187767714,1107.9451229151496,8.572649942317057,2728.3526935090517,3.241581238625013,153.9456880815075,6.209270417650736,519.381085045281,9.264712413427144,976.5950449311292
2019,3,21,3.735782163807122,305.37004715523653,7.546038449336989,1199.0971263372178,11.010969496622923,3039.7817458482464,1.3635777272923422,157.40843492360622,3.251824728681396,539.5222723335586,4.890077166753093,1029.2413734017016
2019,4,21,5.499270523563493,327.6624426697999,10.84176578106697,1339.9421940432705,16.64312833722894,3562.3396513186576,4.085237035728584,167.92417964019472,7.716465282175555,588.8707864499578,11.847735488425371,1163.030904348197
2019,5,22,-8.225175102942883,292.4864579106861,-16.462684201313472,1102.8890579564627,-24.012703883430152,2682.91287564206,-6.377117441198243,150.83834005117254,-12.774843693312366,500.8686202320841,-18.69980673415881,926.8465662423861
2019,6,20,7.352692595175858,321.3447806385531,15.29963493066251,1286.9266924446868,22.99880317864087,3322.9495305440323,6.440953134723082,166.99471997778588,13.850742490771184,584.0933855282799,20.766693135689174,1140.0886416283035
2019,7,22,2.3347973021834445,331.1823272097928,4.312050096378606,1346.7316662229484,6.200417659015933,3535.1866976950873,1.511942892758178,171.0315276705296,2.515665808912293,601.3028889290454,3.5832525944771376,1184.524150053266
2019,8,22,-1.899531536825838,322.99188292322316,-4.712931751162774,1278.5481901714006,-7.789629442857615,3252.0191243885874,-1.6743370175780203,166.49354647343472,-4.040868468238557,572.9641616234655,-6.674185615184324,1098.7926240068423
2019,9,20,0.7147790735399839,326.01534038513114,1.3622582496076507,1297.3275766168276,1.8846079649791792,3315.1915437944403,1.4771675932030437,170.4301027799178,3.622134476388461,597.3398285353676,5.3787308953902935,1163.272453245958
2019,10,23,4.380066934694304,344.6750974460657,8.435847978423471,1415.204006740812,12.429011381885324,3739.6660894858364,2.210465276625917,176.4078662994117,4.001556645983784,625.2442767892165,5.601223911784836,1234.0311719681617
2019,11,20,4.069415566240964,362.770775080733,8.036991471283915,1536.9808235351234,12.195117385759225,4207.917876319825,3.6198237801695843,186.41334397397716,7.066399206666341,676.4929326106428,10.825487618635288,1378.4465513183102
2019,12,21,3.661625686664105,379.7157086514637,7.56265418099511,1660.7800222282904,11.332654270748499,4696.119315510921,2.4020832463533814,193.29323092489653,5.460391264244491,718.8924848703901,7.938583001380284,1495.8142579257587
2020,1,21,3.038430316223173,394.29153617481455,5.619826185754673,1759.7327989910127,8.191792129285869,5089.007440110105,-0.04038226904553577,193.1747924632921,-0.4375521599927046,715.309403114822,-0.8777267175893777,1481.8073698208434
2020,2,19,-6.057426315242543,364.3501905885447,-11.775674238971789,1540.7367228665191,-17.77018314620783,4166.911314532189,-7.916576120026764,169.96538685320508,-15.461442751190868,589.2508065071478,-23.267178135063826,1113.76543133106
2020,3,22,-7.482997534941916,329.60287727330586,-21.130480377785986,1194.0411715900805,-38.1298709225345,2539.943537922045,-12.998720210699599,134.87334155042413,-29.970065923714095,382.6818854172245,-48.16951829085161,529.1004698780112
2020,4,21,14.973745104805602,393.9305170791215,30.58718571758292,1589.8519480063242,46.45255570306861,3766.2647804048433,12.698355377818892,164.69839314825535,25.182767368606363,504.23454175224725,37.236088472277395,763.3528774213001
2020,5,20,6.600884704449639,426.5343010316062,12.386730593225437,1799.1693562302398,18.632651032658387,4486.652404936254,4.764526237415345,177.3100175398208,9.15543084690933,559.5548173755137,13.370625956075187,878.7885613423144
2020,6,22,6.102162091155017,458.664277546085,12.33741619388451,2033.4777839350818,17.977534718263133,5311.21943343972,1.3275426952259473,180.99142642080048,2.9549790356492744,579.044523957575,3.158160948793287,909.7002794578831
2020,7,22,7.346527460827779,499.7067021098432,14.889288286862378,2351.1374417213387,22.252939465423637,6515.374818304301,5.889221859121863,197.53963492783257,11.688515272756916,658.4147468491757,17.69910898857061,1088.408232377036
2020,8,21,10.94472907282893,565.3429758873629,22.772286843664368,2909.3174908825786,35.1650228872255,8841.67288723676,6.979667190901262,218.3069112068179,14.287764602645092,766.7752605907326,21.9264399842916,1348.9838502175674
2020,9,21,-5.778624614338835,526.8953029129611,-12.010370292240358,2547.887316958425,-18.87704920590656,7153.74889648187,-4.128133466245087,205.1667770799182,-7.966930307494335,697.7198796568666,-12.233333587646511,1171.7248221893283
2020,10,22,-3.0449149030327027,507.80687440815234,-6.7103125188080925,2370.205802844632,-10.275017246279216,6408.42494636657,-2.4933577408335905,197.55787762114366,-5.376350227313809,654.8316650936072,-8.583365877061988,1062.568027751402
2020,11,20,11.225773883080215,576.0378997750289,22.584792466191537,2928.096656904913,34.5423655839661,8656.58888509856,10.877683617376777,229.92528212735283,22.51151076175979,824.7556766143251,35.209798843260806,1471.9058917387354
2020,12,22,4.712634452738973,607.8970947533999,9.827309695336673,3225.677093253095,15.04872682973415,9974.344026019906,3.264654312523385,240.6962020784284,7.256076597438632,891.8566568486225,11.000159878548633,1644.8180529703218
2021,1,19,0.2613652545875311,609.7472917973198,0.22587276070873408,3233.1888919158837,-0.4730476325166544,9926.687580113234,-1.0190428770824433,237.2243616986578,-2.298848942746279,869.0553705790993,-3.764707571907433,1579.1307556141405
2021,2,19,-0.13351440533312386,608.7996769213088,-0.7194260304195454,3209.209063384388,-1.3816734642797646,9788.151498472576,2.7805490376659137,246.60105044264483,5.288516773897078,920.3040264005255,7.881494970722347,1711.4713616697213
2021,3,23,1.5884605595245738,620.0586802352414,2.3136035487141493,3285.7710417092194,2.28648384624095,10014.242485176983,4.198654389457412,261.15363066096046,8.875168915133669,1010.857732191482,13.251559164015237,1951.5195609005768
2021,4,21,5.9098126352889135,662.6127991012783,11.844017914200776,3686.7823704230814,17.97063460660173,11831.836045413813,5.291045828267027,280.2624347696821,10.605030165602125,1128.6645297873124,16.209540632297692,2284.061457704291
2021,5,20,-1.2012182833516794,653.4521547272936,-2.8152970661495913,3580.1731974470904,-4.709276566747011,11269.932886544468,0.6566069571304345,282.7592643717334,1.0869527109699906,1142.0195322025622,1.3472465707139225,2316.1806439369243
2021,6,22,6.139011304655018,699.706667681169,12.749252797878995,4049.3677817894068,19.40735390664583,13476.536000784265,1.9093393130463765,290.06743748071005,4.327298692765069,1195.7654271834506,6.526735212510504,2473.8783568226186
2021,7,21,2.8609358287895237,722.5857622620784,5.556337040547055,4279.920640797497,8.359188157685015,14611.424190385665,2.4412494198551737,299.5899565352518,4.66734330077252,1256.2432480428238,6.849310655797214,2650.1712813837285
2021,8,22,4.2186698230320285,757.2879395831867,8.390501786667182,4647.417960418215,12.61865248367997,16467.807684370462,2.975984014582389,311.4816897656176,5.924260411121129,1336.590629865128,8.956800863753568,2896.4986464694084
2021,9,21,-5.7876089078715225,707.671466425762,-11.428927215802275,4104.839017092092,-16.670014638188903,13705.95171815892,-4.965006429128415,291.05159741406845,-9.439950188373524,1200.9771899950185,-13.781429901495434,2483.5382860069676
2021,10,21,7.864005634276827,771.1867960519303,16.174254246832366,4784.940370386575,24.556477516437035,17096.207147758767,7.016354645052014,318.48916433378054,14.279747141157873,1386.7534430904482,21.733026398431686,3045.019343718451
2021,11,21,1.9968460452107095,788.5830551352913,3.631416680361488,4962.332909822505,5.368652767755044,18019.41179874581,-0.8034844728157409,315.1266688779423,-1.7161987661029166,1361.2377988451374,-2.6568372863279843,2961.4612971323118
2021,12,22,1.0233098126930296,797.6760127324181,1.6094007794679177,5043.8061351324495,1.737107004996341,18334.165370365958,4.258493722111556,332.8048120109203,8.760583389598576,1489.2507547333003,13.126139827781614,3363.3129877673155
2022,1,20,-8.747019674920475,719.156115281672,-17.198380291992777,4159.154794529515,-25.653819334581783,13605.097890414238,-5.2741258724185,309.97814144358006,-10.596430295989467,1320.8469062794995,-15.8008528578655,2816.079998562857
2022,2,19,-4.475967648087808,682.4909525743315,-9.550944244972005,3752.365294796949,-15.154459759171246,11528.164345656383,-2.951701156053965,297.87681190302135,-6.281523141039114,1231.5960790628144,-9.913044489195155,2527.007690964799
2022,3,23,4.538645128600671,718.0054400750872,7.874606485958302,4055.723902163836,10.903548075730264,12796.046835409954,3.4376954395640924,311.55460492089446,6.996087633525283,1324.7557076786356,10.13054274326608,2793.1378279668756
2022,4,20,-13.595743196109755,606.791521112271,-26.02891807926804,2974.03393206905,-37.21210280563179,7997.156629154777,-8.776904916030027,275.4328485694445,-17.390641276128747,1076.9815534950744,-25.425714472400696,2057.5368645350027
2022,5,21,-1.5865925684606874,595.5776193637935,-4.755643905472651,2827.843824726447,-9.526415709076364,7225.787828046458,0.22572637761675285,276.2802995389037,-0.5166099447467487,1070.901149741884,-2.115513171167238,2011.8938879929758
2022,6,21,-9.08265217038804,532.4007236219144,-18.275110827235974,2292.7771209093044,-27.38275172760777,5219.785535001187,-8.640688084819292,243.76709253112332,-16.728480989195205,875.0271735050449,-24.99714279382943,1483.9807571572153
2022,7,20,12.551731421792711,611.7779639604107,25.621832044065208,2905.8504560175056,39.00000254313143,7294.502028940788,9.208744926275635,275.4237272227884,18.68596682521875,1057.2204276830655,28.784884794856723,1939.927793277619
2022,8,23,-5.132188828995032,575.2481748067862,-10.861210065667482,2579.3787237296206,-16.636693773581733,6064.301370304621,-4.080195625391447,260.1057047279627,-8.688311106345214,956.6775167397822,-13.318337678966152,1668.2433213618233
2022,9,21,-10.696020457495514,503.0234918905873,-20.940261609098098,2018.309809482124,-30.528586602511343,4182.427288031381,-9.615871426764366,225.4784031608781,-18.37237701344635,762.5407395480266,-26.823271049188648,1193.9426224637655
2022,10,21,3.9998511003501713,527.143533666343,6.6012056566154165,2158.143796450297,8.436858663884482,4543.72962570621,8.127554559207372,251.9318379562154,15.735145538571448,898.2627802453792,23.18028694382526,1493.8822352393238
2022,11,21,5.544152713709138,561.9133289069568,9.774819641356004,2378.8732797957828,12.45822724560477,5122.256015148161,5.559152195885231,271.49626445397763,10.115287334574742,999.2399288213136,14.530297481652488,1725.4780655268096
2022,12,21,-9.230974885621446,500.81227575097483,-18.32167909273874,1924.7020723559515,-26.570459977858253,3734.6785707019244,-6.193583313783257,248.48733380742792,-12.1888547987679,865.255170007204,-17.83304191110534,1399.9397970233786
2023,1,20,10.642930925270043,564.756311249694,21.2043382164506,2354.026747653792,32.42775062286509,4978.178574797592,6.288737486899065,270.4027874056707,12.215973480259358,983.1704855921164,18.25792340436829,1673.7976562755446
2023,2,19,-0.35978466368927764,562.364619990911,-1.742410306562625,2311.267532676869,-3.404629820342886,4805.285392709769,-2.5142690770707743,261.0898646613217,-5.633523081632941,922.1498262728488,-8.604492794298856,1521.1713647558731
2023,3,23,9.323475727214635,624.1200245614211,18.787443658255377,2764.28306182834,27.699960689482815,6164.047518197318,3.313482198362272,273.05451304696504,6.649673015526725,990.1194474487678,9.012368984492625,1667.2773100186073
2023,4,19,0.507900451815746,627.7978334378569,0.3429533683461772,2774.1062170678492,-0.03538651380339264,6161.83089015764,1.5974932932744101,279.0140338731478,2.5697229002428656,1018.1324965298598,3.675871044258483,1732.2401449293316
2023,5,22,7.883802352510161,685.1759761519486,15.239239566891506,3212.098148893742,23.008849557522094,7602.606139220458,0.4616193738235186,280.76363608301625,0.29131424799382355,1021.3897758037003,-0.0527229657035333,1731.274133586114
2023,6,21,6.158229775208768,733.528916903124,12.316813670938043,3620.043106491572,17.985611510791323,8987.966955627011,6.08591415683295,303.9365841154645,12.606510869818921,1162.7578997834319,18.66016244784523,2072.992861778653
2023,7,20,3.860099271756523,765.7039605543815,7.222742659610848,3888.7322469000515,10.512198471441515,9943.312079021543,3.2733283264714697,317.15875474429726,6.087699067823138,1239.630800677411,9.013105888411953,2268.8470093583965
2023,8,23,-1.4830073368497065,752.8655073039615,-3.9837752406635563,3729.830119231684,-6.334148443159837,9307.153783326517,-1.6251998301697879,310.3790913706545,-4.0200998499659635,1185.7763048692802,-6.300329194113785,2119.6018496638976
2023,9,20,-5.2170696923682485,708.370919405744,-10.455643380821,3329.3967398735476,-16.069745324007012,7795.448128108255,-5.078271301706305,289.5389277453755,-9.84630654704114,1059.1748283826328,-14.916773112391068,1788.5088777510987
2023,10,22,-2.065479700618167,691.6741821597179,-4.93681614238517,3160.093728033039,-7.973049516421238,7165.94013931083,-2.1708614533543225,281.0825773171414,-5.001876976801767,1001.1943295208804,-7.877233085817037,1639.7466316042974
2023,11,21,10.818819501051946,777.3239829640069,21.783057983670773,3870.24183513249,33.83160636232869,9624.124405764907,9.134380816455367,315.89211115445204,18.260702629485714,1202.2801514074472,28.24819296987946,2131.1936172868573
2023,12,20,5.321092291209117,824.0072017904333,10.609810817440014,4291.476982834906,15.568730333591674,11138.04711180142,4.143296212751024,333.1237532450448,8.50424940855341,1313.0293034812237,12.55546980274238,2411.330458146024
2024,1,21,1.8192059989488474,840.8167962361243,2.894732826634483,4418.598508631126,3.826427214034833,11568.062804813444,1.5926463493513232,340.0218828892754,2.489630788658048,1348.2085160734525,3.4330221830575214,2497.544989864057
2024,2,20,5.283353410270064,890.5234725244592,10.025580912073618,4871.614258205691,14.665655984451353,13279.260755817108,5.21868402804726,362.98523461153087,9.89653356201301,1491.5309579145924,14.754558485311154,2880.801284575819
2024,3,20,1.141232292853056,901.8276462611977,1.673642987079904,4954.821331582815,1.9880728144552773,13545.250201678593,2.95032694617281,376.64481274507625,5.771586402918016,1583.387542279822,8.58786230893056,3136.788394598024
2024,4,22,-4.373778293418518,858.0099261315597,-9.327850193163712,4483.315170240687,-14.327484564759818,11590.229085210234,-4.0319643723747856,357.4266637124222,-8.57842387055776,1438.979423518894,-12.989626345802918,2716.3416765354277
2024,5,22,6.151815950086781,916.9449335707355,12.355021544960088,5049.584746997348,18.562754625067114,13760.257625406039,5.057967165061217,380.5631541672316,9.595026328246114,1586.6449043918224,14.30286392757325,3119.159194265825
2024,6,19,6.301168031531201,981.0243426231709,11.995056645598856,5667.280354412798,18.055335256563954,16262.773607096568,3.195095614454413,395.9176064307126,6.34736760834238,1693.7024567209462,9.579897959569127,3427.5513602325786
2024,7,22,-1.678106963570014,962.8835978517245,-4.3081810715794315,5418.815473839067,-7.504742533771324,15034.789576500083,1.2109123535019028,401.92273399017307,1.5496353546518904,1721.4983041475534,1.8073521306730234,3491.3066349023275
2024,8,22,1.1038660090015195,974.616408603662,1.0888921497917536,5478.909422295193,0.48330673250502887,15107.937033473778,2.3365580098822614,413.6504498346404,3.8984315445095064,1792.5081686191472,5.02318984914516,3671.7047852384176
2024,9,20,2.4775901448218285,1001.2409988378646,4.29828458343986,5718.70682591778,5.655148256670639,15967.96841949784,1.7882517067873582,422.8358127707294,3.465285817774366,1858.088985786528,4.975031781817862,3859.3482970203736
2024,10,23,-0.8646303106881637,991.7193353681874,-2.4031760102129374,5578.873059372701,-4.1936832737124,15294.128715463967,-0.8923583083594422,418.1702439563911,-2.4952867313852822,1809.22905113548,-4.037813504368248,3699.4771967983106
2024,11,20,5.350828522118523,1050.1353649465511,10.103785539797538,6152.654214369059,15.032401584101818,17608.235964346044,5.963346277257009,449.0705299092181,11.544587963224085,2029.6416783632442,17.390199130443996,4360.213847237348
2024,12,21,0.2923099581156663,1053.4973251501,0.027722742399727274,6154.387621590055,-0.9513107297994483,17439.775615559018,-2.733378314959678,434.0623551108454,-5.669417330371662,1908.9034039753005,-8.657753685523373,3974.0595184959334
2025,1,20,2.163403322054047,1078.4521246022018,3.4830047550499232,6372.22823984929,4.536843285597447,18235.527747882363,2.68563844106664,448.4053390189681,4.734620205681117,2004.017350452531,6.6864250049497365,4246.46845285718
2025,2,19,-2.703472246000116,1046.5929984811826,-5.999465308937291,5983.929151884288,-9.42940393695938,16506.596772561265,-1.2694849881122905,441.44341556611596,-3.1169332873264843,1938.4365332851512,-5.061673978558467,4026.4643901926556
2025,3,21,-7.723793014713487,958.0325285572991,-15.585529033545043,5035.716607537052,-23.518418796743067,12600.987795703888,-5.855124449861304,409.74122975914014,-11.81421502375416,1697.6112581200834,-17.83812055863585,3290.380697460912
2025,4,21,1.3968241076104837,972.8113819825483,-0.3375286134493338,5018.382094480946,-4.223382550029974,12064.576493458693,-0.8670223804659427,405.32165921466606,-4.119347768784576,1623.5613988672935,-8.761309997316458,2993.338934467182
2025,5,21,9.178283386716245,1071.2770508258534,18.232107916052186,5951.571041502603,27.551017925670827,15416.041143753439,6.284494897025317,437.07857310157544,12.221238015088677,1834.2019397590573,18.229375260438218,3557.2352969084454
2025,6,20,6.266500397761443,1144.6751318747442,12.393769990918013,6701.588837223437,18.57142857142866,18297.591641879088,4.828714472618945,463.01256389026656,9.711464640749877,2022.0412772194563,14.586632317598802,4090.702762657924
2025,7,22,2.4236811620179433,1174.8420885743144,4.298698154744329,6993.968611062458,6.277107330689935,19452.42821550188,2.3031548217528286,475.9796149025794,4.052393609296945,2108.034742324141,5.918287526482846,4338.72060153228
2025,8,21,0.9539679926508615,1187.003674056155,1.1810740549683008,7077.753633795312,1.3037088060476654,19707.334943943526,2.051950758203036,487.79843297766786,3.5405177648665243,2186.210604630552,5.010876660586616,4561.13941618311
2025,9,21,5.254202212545622,1254.625449573957,10.449199484773231,7827.771429516144,15.711728759658161,22819.40968485292,3.2757158798046637,507.05303958796026,6.50645759265347,2334.9619280995853,9.787057627722696,5017.327816953449
2025,10,11,0.16739758665265114,1256.8930598847264,-0.09570108076049078,7820.184466577876,-0.5996158002249286,22681.981283064262,-0.3392491204287529,504.99361749062206,-0.9899229800593989,2310.85768041763,-1.7177911724841954,4929.422811446744
